event_utc,event_type,qualification,official_release_url,official_schedule_url
2018-01-10 15:30:00,EIA,OFFICIAL_ARCHIVE_STANDARD_WEDNESDAY_1030_NY,https://www.eia.gov/petroleum/supply/weekly/archive/2018/2018_01_10/wpsr_2018_01_10.php,https://www.eia.gov/petroleum/supply/weekly/schedule.php
2018-01-24 15:30:00,EIA,OFFICIAL_ARCHIVE_STANDARD_WEDNESDAY_1030_NY,https://www.eia.gov/petroleum/supply/weekly/archive/2018/2018_01_24/wpsr_2018_01_24.php,https://www.eia.gov/petroleum/supply/weekly/schedule.php
2018-01-31 15:30:00,EIA,OFFICIAL_ARCHIVE_STANDARD_WEDNESDAY_1030_NY,https://www.eia.gov/petroleum/supply/weekly/archive/2018/2018_01_31/wpsr_2018_01_31.php,https://www.eia.gov/petroleum/supply/weekly/schedule.php
2018-02-07 15:30:00,EIA,OFFICIAL_ARCHIVE_STANDARD_WEDNESDAY_1030_NY,https://www.eia.gov/petroleum/supply/weekly/archive/2018/2018_02_07/wpsr_2018_02_07.php,https://www.eia.gov/petroleum/supply/weekly/schedule.php
2018-02-14 15:30:00,EIA,OFFICIAL_ARCHIVE_STANDARD_WEDNESDAY_1030_NY,https://www.eia.gov/petroleum/supply/weekly/archive/2018/2018_02_14/wpsr_2018_02_14.php,https://www.eia.gov/petroleum/supply/weekly/schedule.php
2018-02-28 15:30:00,EIA,OFFICIAL_ARCHIVE_STANDARD_WEDNESDAY_1030_NY,https://www.eia.gov/petroleum/supply/weekly/archive/2018/2018_02_28/wpsr_2018_02_28.php,https://www.eia.gov/petroleum/supply/weekly/schedule.php
2018-03-07 15:30:00,EIA,OFFICIAL_ARCHIVE_STANDARD_WEDNESDAY_1030_NY,https://www.eia.gov/petroleum/supply/weekly/archive/2018/2018_03_07/wpsr_2018_03_07.php,https://www.eia.gov/petroleum/supply/weekly/schedule.php
2018-03-14 14:30:00,EIA,OFFICIAL_ARCHIVE_STANDARD_WEDNESDAY_1030_NY,https://www.eia.gov/petroleum/supply/weekly/archive/2018/2018_03_14/wpsr_2018_03_14.php,https://www.eia.gov/petroleum/supply/weekly/schedule.php
2018-03-21 14:30:00,EIA,OFFICIAL_ARCHIVE_STANDARD_WEDNESDAY_1030_NY,https://www.eia.gov/petroleum/supply/weekly/archive/2018/2018_03_21/wpsr_2018_03_21.php,https://www.eia.gov/petroleum/supply/weekly/schedule.php
2018-03-28 14:30:00,EIA,OFFICIAL_ARCHIVE_STANDARD_WEDNESDAY_1030_NY,https://www.eia.gov/petroleum/supply/weekly/archive/2018/2018_03_28/wpsr_2018_03_28.php,https://www.eia.gov/petroleum/supply/weekly/schedule.php
2018-04-04 14:30:00,EIA,OFFICIAL_ARCHIVE_STANDARD_WEDNESDAY_1030_NY,https://www.eia.gov/petroleum/supply/weekly/archive/2018/2018_04_04/wpsr_2018_04_04.php,https://www.eia.gov/petroleum/supply/weekly/schedule.php
2018-04-11 14:30:00,EIA,OFFICIAL_ARCHIVE_STANDARD_WEDNESDAY_1030_NY,https://www.eia.gov/petroleum/supply/weekly/archive/2018/2018_04_11/wpsr_2018_04_11.php,https://www.eia.gov/petroleum/supply/weekly/schedule.php
2018-04-18 14:30:00,EIA,OFFICIAL_ARCHIVE_STANDARD_WEDNESDAY_1030_NY,https://www.eia.gov/petroleum/supply/weekly/archive/2018/2018_04_18/wpsr_2018_04_18.php,https://www.eia.gov/petroleum/supply/weekly/schedule.php
2018-04-25 14:30:00,EIA,OFFICIAL_ARCHIVE_STANDARD_WEDNESDAY_1030_NY,https://www.eia.gov/petroleum/supply/weekly/archive/2018/2018_04_25/wpsr_2018_04_25.php,https://www.eia.gov/petroleum/supply/weekly/schedule.php
2018-05-02 14:30:00,EIA,OFFICIAL_ARCHIVE_STANDARD_WEDNESDAY_1030_NY,https://www.eia.gov/petroleum/supply/weekly/archive/2018/2018_05_02/wpsr_2018_05_02.php,https://www.eia.gov/petroleum/supply/weekly/schedule.php
2018-05-09 14:30:00,EIA,OFFICIAL_ARCHIVE_STANDARD_WEDNESDAY_1030_NY,https://www.eia.gov/petroleum/supply/weekly/archive/2018/2018_05_09/wpsr_2018_05_09.php,https://www.eia.gov/petroleum/supply/weekly/schedule.php
2018-05-16 14:30:00,EIA,OFFICIAL_ARCHIVE_STANDARD_WEDNESDAY_1030_NY,https://www.eia.gov/petroleum/supply/weekly/archive/2018/2018_05_16/wpsr_2018_05_16.php,https://www.eia.gov/petroleum/supply/weekly/schedule.php
2018-05-23 14:30:00,EIA,OFFICIAL_ARCHIVE_STANDARD_WEDNESDAY_1030_NY,https://www.eia.gov/petroleum/supply/weekly/archive/2018/2018_05_23/wpsr_2018_05_23.php,https://www.eia.gov/petroleum/supply/weekly/schedule.php
2018-06-06 14:30:00,EIA,OFFICIAL_ARCHIVE_STANDARD_WEDNESDAY_1030_NY,https://www.eia.gov/petroleum/supply/weekly/archive/2018/2018_06_06/wpsr_2018_06_06.php,https://www.eia.gov/petroleum/supply/weekly/schedule.php
2018-06-13 14:30:00,EIA,OFFICIAL_ARCHIVE_STANDARD_WEDNESDAY_1030_NY,https://www.eia.gov/petroleum/supply/weekly/archive/2018/2018_06_13/wpsr_2018_06_13.php,https://www.eia.gov/petroleum/supply/weekly/schedule.php
2018-06-20 14:30:00,EIA,OFFICIAL_ARCHIVE_STANDARD_WEDNESDAY_1030_NY,https://www.eia.gov/petroleum/supply/weekly/archive/2018/2018_06_20/wpsr_2018_06_20.php,https://www.eia.gov/petroleum/supply/weekly/schedule.php
2018-06-27 14:30:00,EIA,OFFICIAL_ARCHIVE_STANDARD_WEDNESDAY_1030_NY,https://www.eia.gov/petroleum/supply/weekly/archive/2018/2018_06_27/wpsr_2018_06_27.php,https://www.eia.gov/petroleum/supply/weekly/schedule.php
2018-07-11 14:30:00,EIA,OFFICIAL_ARCHIVE_STANDARD_WEDNESDAY_1030_NY,https://www.eia.gov/petroleum/supply/weekly/archive/2018/2018_07_11/wpsr_2018_07_11.php,https://www.eia.gov/petroleum/supply/weekly/schedule.php
2018-07-18 14:30:00,EIA,OFFICIAL_ARCHIVE_STANDARD_WEDNESDAY_1030_NY,https://www.eia.gov/petroleum/supply/weekly/archive/2018/2018_07_18/wpsr_2018_07_18.php,https://www.eia.gov/petroleum/supply/weekly/schedule.php
2018-07-25 14:30:00,EIA,OFFICIAL_ARCHIVE_STANDARD_WEDNESDAY_1030_NY,https://www.eia.gov/petroleum/supply/weekly/archive/2018/2018_07_25/wpsr_2018_07_25.php,https://www.eia.gov/petroleum/supply/weekly/schedule.php
2018-08-01 14:30:00,EIA,OFFICIAL_ARCHIVE_STANDARD_WEDNESDAY_1030_NY,https://www.eia.gov/petroleum/supply/weekly/archive/2018/2018_08_01/wpsr_2018_08_01.php,https://www.eia.gov/petroleum/supply/weekly/schedule.php
2018-08-08 14:30:00,EIA,OFFICIAL_ARCHIVE_STANDARD_WEDNESDAY_1030_NY,https://www.eia.gov/petroleum/supply/weekly/archive/2018/2018_08_08/wpsr_2018_08_08.php,https://www.eia.gov/petroleum/supply/weekly/schedule.php
2018-08-15 14:30:00,EIA,OFFICIAL_ARCHIVE_STANDARD_WEDNESDAY_1030_NY,https://www.eia.gov/petroleum/supply/weekly/archive/2018/2018_08_15/wpsr_2018_08_15.php,https://www.eia.gov/petroleum/supply/weekly/schedule.php
2018-08-22 14:30:00,EIA,OFFICIAL_ARCHIVE_STANDARD_WEDNESDAY_1030_NY,https://www.eia.gov/petroleum/supply/weekly/archive/2018/2018_08_22/wpsr_2018_08_22.php,https://www.eia.gov/petroleum/supply/weekly/schedule.php
2018-08-29 14:30:00,EIA,OFFICIAL_ARCHIVE_STANDARD_WEDNESDAY_1030_NY,https://www.eia.gov/petroleum/supply/weekly/archive/2018/2018_08_29/wpsr_2018_08_29.php,https://www.eia.gov/petroleum/supply/weekly/schedule.php
2018-09-12 14:30:00,EIA,OFFICIAL_ARCHIVE_STANDARD_WEDNESDAY_1030_NY,https://www.eia.gov/petroleum/supply/weekly/archive/2018/2018_09_12/wpsr_2018_09_12.php,https://www.eia.gov/petroleum/supply/weekly/schedule.php
2018-09-19 14:30:00,EIA,OFFICIAL_ARCHIVE_STANDARD_WEDNESDAY_1030_NY,https://www.eia.gov/petroleum/supply/weekly/archive/2018/2018_09_19/wpsr_2018_09_19.php,https://www.eia.gov/petroleum/supply/weekly/schedule.php
2018-09-26 14:30:00,EIA,OFFICIAL_ARCHIVE_STANDARD_WEDNESDAY_1030_NY,https://www.eia.gov/petroleum/supply/weekly/archive/2018/2018_09_26/wpsr_2018_09_26.php,https://www.eia.gov/petroleum/supply/weekly/schedule.php
2018-10-03 14:30:00,EIA,OFFICIAL_ARCHIVE_STANDARD_WEDNESDAY_1030_NY,https://www.eia.gov/petroleum/supply/weekly/archive/2018/2018_10_03/wpsr_2018_10_03.php,https://www.eia.gov/petroleum/supply/weekly/schedule.php
2018-10-17 14:30:00,EIA,OFFICIAL_ARCHIVE_STANDARD_WEDNESDAY_1030_NY,https://www.eia.gov/petroleum/supply/weekly/archive/2018/2018_10_17/wpsr_2018_10_17.php,https://www.eia.gov/petroleum/supply/weekly/schedule.php
2018-10-24 14:30:00,EIA,OFFICIAL_ARCHIVE_STANDARD_WEDNESDAY_1030_NY,https://www.eia.gov/petroleum/supply/weekly/archive/2018/2018_10_24/wpsr_2018_10_24.php,https://www.eia.gov/petroleum/supply/weekly/schedule.php
2018-10-31 14:30:00,EIA,OFFICIAL_ARCHIVE_STANDARD_WEDNESDAY_1030_NY,https://www.eia.gov/petroleum/supply/weekly/archive/2018/2018_10_31/wpsr_2018_10_31.php,https://www.eia.gov/petroleum/supply/weekly/schedule.php
2018-11-07 15:30:00,EIA,OFFICIAL_ARCHIVE_STANDARD_WEDNESDAY_1030_NY,https://www.eia.gov/petroleum/supply/weekly/archive/2018/2018_11_07/wpsr_2018_11_07.php,https://www.eia.gov/petroleum/supply/weekly/schedule.php
2018-11-21 15:30:00,EIA,OFFICIAL_ARCHIVE_STANDARD_WEDNESDAY_1030_NY,https://www.eia.gov/petroleum/supply/weekly/archive/2018/2018_11_21/wpsr_2018_11_21.php,https://www.eia.gov/petroleum/supply/weekly/schedule.php
2018-11-28 15:30:00,EIA,OFFICIAL_ARCHIVE_STANDARD_WEDNESDAY_1030_NY,https://www.eia.gov/petroleum/supply/weekly/archive/2018/2018_11_28/wpsr_2018_11_28.php,https://www.eia.gov/petroleum/supply/weekly/schedule.php
2018-12-12 15:30:00,EIA,OFFICIAL_ARCHIVE_STANDARD_WEDNESDAY_1030_NY,https://www.eia.gov/petroleum/supply/weekly/archive/2018/2018_12_12/wpsr_2018_12_12.php,https://www.eia.gov/petroleum/supply/weekly/schedule.php
2018-12-19 15:30:00,EIA,OFFICIAL_ARCHIVE_STANDARD_WEDNESDAY_1030_NY,https://www.eia.gov/petroleum/supply/weekly/archive/2018/2018_12_19/wpsr_2018_12_19.php,https://www.eia.gov/petroleum/supply/weekly/schedule.php
2019-01-09 15:30:00,EIA,OFFICIAL_ARCHIVE_STANDARD_WEDNESDAY_1030_NY,https://www.eia.gov/petroleum/supply/weekly/archive/2019/2019_01_09/wpsr_2019_01_09.php,https://www.eia.gov/petroleum/supply/weekly/schedule.php
2019-01-16 15:30:00,EIA,OFFICIAL_ARCHIVE_STANDARD_WEDNESDAY_1030_NY,https://www.eia.gov/petroleum/supply/weekly/archive/2019/2019_01_16/wpsr_2019_01_16.php,https://www.eia.gov/petroleum/supply/weekly/schedule.php
2019-01-30 15:30:00,EIA,OFFICIAL_ARCHIVE_STANDARD_WEDNESDAY_1030_NY,https://www.eia.gov/petroleum/supply/weekly/archive/2019/2019_01_30/wpsr_2019_01_30.php,https://www.eia.gov/petroleum/supply/weekly/schedule.php
2019-02-06 15:30:00,EIA,OFFICIAL_ARCHIVE_STANDARD_WEDNESDAY_1030_NY,https://www.eia.gov/petroleum/supply/weekly/archive/2019/2019_02_06/wpsr_2019_02_06.php,https://www.eia.gov/petroleum/supply/weekly/schedule.php
2019-02-13 15:30:00,EIA,OFFICIAL_ARCHIVE_STANDARD_WEDNESDAY_1030_NY,https://www.eia.gov/petroleum/supply/weekly/archive/2019/2019_02_13/wpsr_2019_02_13.php,https://www.eia.gov/petroleum/supply/weekly/schedule.php
2019-02-27 15:30:00,EIA,OFFICIAL_ARCHIVE_STANDARD_WEDNESDAY_1030_NY,https://www.eia.gov/petroleum/supply/weekly/archive/2019/2019_02_27/wpsr_2019_02_27.php,https://www.eia.gov/petroleum/supply/weekly/schedule.php
2019-03-06 15:30:00,EIA,OFFICIAL_ARCHIVE_STANDARD_WEDNESDAY_1030_NY,https://www.eia.gov/petroleum/supply/weekly/archive/2019/2019_03_06/wpsr_2019_03_06.php,https://www.eia.gov/petroleum/supply/weekly/schedule.php
2019-03-13 14:30:00,EIA,OFFICIAL_ARCHIVE_STANDARD_WEDNESDAY_1030_NY,https://www.eia.gov/petroleum/supply/weekly/archive/2019/2019_03_13/wpsr_2019_03_13.php,https://www.eia.gov/petroleum/supply/weekly/schedule.php
2019-03-20 14:30:00,EIA,OFFICIAL_ARCHIVE_STANDARD_WEDNESDAY_1030_NY,https://www.eia.gov/petroleum/supply/weekly/archive/2019/2019_03_20/wpsr_2019_03_20.php,https://www.eia.gov/petroleum/supply/weekly/schedule.php
2019-03-27 14:30:00,EIA,OFFICIAL_ARCHIVE_STANDARD_WEDNESDAY_1030_NY,https://www.eia.gov/petroleum/supply/weekly/archive/2019/2019_03_27/wpsr_2019_03_27.php,https://www.eia.gov/petroleum/supply/weekly/schedule.php
2019-04-03 14:30:00,EIA,OFFICIAL_ARCHIVE_STANDARD_WEDNESDAY_1030_NY,https://www.eia.gov/petroleum/supply/weekly/archive/2019/2019_04_03/wpsr_2019_04_03.php,https://www.eia.gov/petroleum/supply/weekly/schedule.php
2019-04-10 14:30:00,EIA,OFFICIAL_ARCHIVE_STANDARD_WEDNESDAY_1030_NY,https://www.eia.gov/petroleum/supply/weekly/archive/2019/2019_04_10/wpsr_2019_04_10.php,https://www.eia.gov/petroleum/supply/weekly/schedule.php
2019-04-17 14:30:00,EIA,OFFICIAL_ARCHIVE_STANDARD_WEDNESDAY_1030_NY,https://www.eia.gov/petroleum/supply/weekly/archive/2019/2019_04_17/wpsr_2019_04_17.php,https://www.eia.gov/petroleum/supply/weekly/schedule.php
2019-04-24 14:30:00,EIA,OFFICIAL_ARCHIVE_STANDARD_WEDNESDAY_1030_NY,https://www.eia.gov/petroleum/supply/weekly/archive/2019/2019_04_24/wpsr_2019_04_24.php,https://www.eia.gov/petroleum/supply/weekly/schedule.php
2019-05-01 14:30:00,EIA,OFFICIAL_ARCHIVE_STANDARD_WEDNESDAY_1030_NY,https://www.eia.gov/petroleum/supply/weekly/archive/2019/2019_05_01/wpsr_2019_05_01.php,https://www.eia.gov/petroleum/supply/weekly/schedule.php
2019-05-08 14:30:00,EIA,OFFICIAL_ARCHIVE_STANDARD_WEDNESDAY_1030_NY,https://www.eia.gov/petroleum/supply/weekly/archive/2019/2019_05_08/wpsr_2019_05_08.php,https://www.eia.gov/petroleum/supply/weekly/schedule.php
2019-05-15 14:30:00,EIA,OFFICIAL_ARCHIVE_STANDARD_WEDNESDAY_1030_NY,https://www.eia.gov/petroleum/supply/weekly/archive/2019/2019_05_15/wpsr_2019_05_15.php,https://www.eia.gov/petroleum/supply/weekly/schedule.php
2019-05-22 14:30:00,EIA,OFFICIAL_ARCHIVE_STANDARD_WEDNESDAY_1030_NY,https://www.eia.gov/petroleum/supply/weekly/archive/2019/2019_05_22/wpsr_2019_05_22.php,https://www.eia.gov/petroleum/supply/weekly/schedule.php
2019-06-05 14:30:00,EIA,OFFICIAL_ARCHIVE_STANDARD_WEDNESDAY_1030_NY,https://www.eia.gov/petroleum/supply/weekly/archive/2019/2019_06_05/wpsr_2019_06_05.php,https://www.eia.gov/petroleum/supply/weekly/schedule.php
2019-06-12 14:30:00,EIA,OFFICIAL_ARCHIVE_STANDARD_WEDNESDAY_1030_NY,https://www.eia.gov/petroleum/supply/weekly/archive/2019/2019_06_12/wpsr_2019_06_12.php,https://www.eia.gov/petroleum/supply/weekly/schedule.php
2019-06-19 14:30:00,EIA,OFFICIAL_ARCHIVE_STANDARD_WEDNESDAY_1030_NY,https://www.eia.gov/petroleum/supply/weekly/archive/2019/2019_06_19/wpsr_2019_06_19.php,https://www.eia.gov/petroleum/supply/weekly/schedule.php
2019-06-26 14:30:00,EIA,OFFICIAL_ARCHIVE_STANDARD_WEDNESDAY_1030_NY,https://www.eia.gov/petroleum/supply/weekly/archive/2019/2019_06_26/wpsr_2019_06_26.php,https://www.eia.gov/petroleum/supply/weekly/schedule.php
2019-07-03 14:30:00,EIA,OFFICIAL_ARCHIVE_STANDARD_WEDNESDAY_1030_NY,https://www.eia.gov/petroleum/supply/weekly/archive/2019/2019_07_03/wpsr_2019_07_03.php,https://www.eia.gov/petroleum/supply/weekly/schedule.php
2019-07-10 14:30:00,EIA,OFFICIAL_ARCHIVE_STANDARD_WEDNESDAY_1030_NY,https://www.eia.gov/petroleum/supply/weekly/archive/2019/2019_07_10/wpsr_2019_07_10.php,https://www.eia.gov/petroleum/supply/weekly/schedule.php
2019-07-17 14:30:00,EIA,OFFICIAL_ARCHIVE_STANDARD_WEDNESDAY_1030_NY,https://www.eia.gov/petroleum/supply/weekly/archive/2019/2019_07_17/wpsr_2019_07_17.php,https://www.eia.gov/petroleum/supply/weekly/schedule.php
2019-07-24 14:30:00,EIA,OFFICIAL_ARCHIVE_STANDARD_WEDNESDAY_1030_NY,https://www.eia.gov/petroleum/supply/weekly/archive/2019/2019_07_24/wpsr_2019_07_24.php,https://www.eia.gov/petroleum/supply/weekly/schedule.php
2019-07-31 14:30:00,EIA,OFFICIAL_ARCHIVE_STANDARD_WEDNESDAY_1030_NY,https://www.eia.gov/petroleum/supply/weekly/archive/2019/2019_07_31/wpsr_2019_07_31.php,https://www.eia.gov/petroleum/supply/weekly/schedule.php
2019-08-07 14:30:00,EIA,OFFICIAL_ARCHIVE_STANDARD_WEDNESDAY_1030_NY,https://www.eia.gov/petroleum/supply/weekly/archive/2019/2019_08_07/wpsr_2019_08_07.php,https://www.eia.gov/petroleum/supply/weekly/schedule.php
2019-08-14 14:30:00,EIA,OFFICIAL_ARCHIVE_STANDARD_WEDNESDAY_1030_NY,https://www.eia.gov/petroleum/supply/weekly/archive/2019/2019_08_14/wpsr_2019_08_14.php,https://www.eia.gov/petroleum/supply/weekly/schedule.php
2019-08-21 14:30:00,EIA,OFFICIAL_ARCHIVE_STANDARD_WEDNESDAY_1030_NY,https://www.eia.gov/petroleum/supply/weekly/archive/2019/2019_08_21/wpsr_2019_08_21.php,https://www.eia.gov/petroleum/supply/weekly/schedule.php
2019-08-28 14:30:00,EIA,OFFICIAL_ARCHIVE_STANDARD_WEDNESDAY_1030_NY,https://www.eia.gov/petroleum/supply/weekly/archive/2019/2019_08_28/wpsr_2019_08_28.php,https://www.eia.gov/petroleum/supply/weekly/schedule.php
2019-09-11 14:30:00,EIA,OFFICIAL_ARCHIVE_STANDARD_WEDNESDAY_1030_NY,https://www.eia.gov/petroleum/supply/weekly/archive/2019/2019_09_11/wpsr_2019_09_11.php,https://www.eia.gov/petroleum/supply/weekly/schedule.php
2019-09-18 14:30:00,EIA,OFFICIAL_ARCHIVE_STANDARD_WEDNESDAY_1030_NY,https://www.eia.gov/petroleum/supply/weekly/archive/2019/2019_09_18/wpsr_2019_09_18.php,https://www.eia.gov/petroleum/supply/weekly/schedule.php
2019-09-25 14:30:00,EIA,OFFICIAL_ARCHIVE_STANDARD_WEDNESDAY_1030_NY,https://www.eia.gov/petroleum/supply/weekly/archive/2019/2019_09_25/wpsr_2019_09_25.php,https://www.eia.gov/petroleum/supply/weekly/schedule.php
2019-10-02 14:30:00,EIA,OFFICIAL_ARCHIVE_STANDARD_WEDNESDAY_1030_NY,https://www.eia.gov/petroleum/supply/weekly/archive/2019/2019_10_02/wpsr_2019_10_02.php,https://www.eia.gov/petroleum/supply/weekly/schedule.php
2019-10-09 14:30:00,EIA,OFFICIAL_ARCHIVE_STANDARD_WEDNESDAY_1030_NY,https://www.eia.gov/petroleum/supply/weekly/archive/2019/2019_10_09/wpsr_2019_10_09.php,https://www.eia.gov/petroleum/supply/weekly/schedule.php
2019-10-23 14:30:00,EIA,OFFICIAL_ARCHIVE_STANDARD_WEDNESDAY_1030_NY,https://www.eia.gov/petroleum/supply/weekly/archive/2019/2019_10_23/wpsr_2019_10_23.php,https://www.eia.gov/petroleum/supply/weekly/schedule.php
2019-10-30 14:30:00,EIA,OFFICIAL_ARCHIVE_STANDARD_WEDNESDAY_1030_NY,https://www.eia.gov/petroleum/supply/weekly/archive/2019/2019_10_30/wpsr_2019_10_30.php,https://www.eia.gov/petroleum/supply/weekly/schedule.php
2019-11-06 15:30:00,EIA,OFFICIAL_ARCHIVE_STANDARD_WEDNESDAY_1030_NY,https://www.eia.gov/petroleum/supply/weekly/archive/2019/2019_11_06/wpsr_2019_11_06.php,https://www.eia.gov/petroleum/supply/weekly/schedule.php
2019-11-20 15:30:00,EIA,OFFICIAL_ARCHIVE_STANDARD_WEDNESDAY_1030_NY,https://www.eia.gov/petroleum/supply/weekly/archive/2019/2019_11_20/wpsr_2019_11_20.php,https://www.eia.gov/petroleum/supply/weekly/schedule.php
2019-11-27 15:30:00,EIA,OFFICIAL_ARCHIVE_STANDARD_WEDNESDAY_1030_NY,https://www.eia.gov/petroleum/supply/weekly/archive/2019/2019_11_27/wpsr_2019_11_27.php,https://www.eia.gov/petroleum/supply/weekly/schedule.php
2019-12-04 15:30:00,EIA,OFFICIAL_ARCHIVE_STANDARD_WEDNESDAY_1030_NY,https://www.eia.gov/petroleum/supply/weekly/archive/2019/2019_12_04/wpsr_2019_12_04.php,https://www.eia.gov/petroleum/supply/weekly/schedule.php
2019-12-11 15:30:00,EIA,OFFICIAL_ARCHIVE_STANDARD_WEDNESDAY_1030_NY,https://www.eia.gov/petroleum/supply/weekly/archive/2019/2019_12_11/wpsr_2019_12_11.php,https://www.eia.gov/petroleum/supply/weekly/schedule.php
2019-12-18 15:30:00,EIA,OFFICIAL_ARCHIVE_STANDARD_WEDNESDAY_1030_NY,https://www.eia.gov/petroleum/supply/weekly/archive/2019/2019_12_18/wpsr_2019_12_18.php,https://www.eia.gov/petroleum/supply/weekly/schedule.php
2020-01-08 15:30:00,EIA,OFFICIAL_ARCHIVE_STANDARD_WEDNESDAY_1030_NY,https://www.eia.gov/petroleum/supply/weekly/archive/2020/2020_01_08/wpsr_2020_01_08.php,https://www.eia.gov/petroleum/supply/weekly/schedule.php
2020-01-15 15:30:00,EIA,OFFICIAL_ARCHIVE_STANDARD_WEDNESDAY_1030_NY,https://www.eia.gov/petroleum/supply/weekly/archive/2020/2020_01_15/wpsr_2020_01_15.php,https://www.eia.gov/petroleum/supply/weekly/schedule.php
2020-01-29 15:30:00,EIA,OFFICIAL_ARCHIVE_STANDARD_WEDNESDAY_1030_NY,https://www.eia.gov/petroleum/supply/weekly/archive/2020/2020_01_29/wpsr_2020_01_29.php,https://www.eia.gov/petroleum/supply/weekly/schedule.php
2020-02-05 15:30:00,EIA,OFFICIAL_ARCHIVE_STANDARD_WEDNESDAY_1030_NY,https://www.eia.gov/petroleum/supply/weekly/archive/2020/2020_02_05/wpsr_2020_02_05.php,https://www.eia.gov/petroleum/supply/weekly/schedule.php
2020-02-12 15:30:00,EIA,OFFICIAL_ARCHIVE_STANDARD_WEDNESDAY_1030_NY,https://www.eia.gov/petroleum/supply/weekly/archive/2020/2020_02_12/wpsr_2020_02_12.php,https://www.eia.gov/petroleum/supply/weekly/schedule.php
2020-02-26 15:30:00,EIA,OFFICIAL_ARCHIVE_STANDARD_WEDNESDAY_1030_NY,https://www.eia.gov/petroleum/supply/weekly/archive/2020/2020_02_26/wpsr_2020_02_26.php,https://www.eia.gov/petroleum/supply/weekly/schedule.php
2020-03-04 15:30:00,EIA,OFFICIAL_ARCHIVE_STANDARD_WEDNESDAY_1030_NY,https://www.eia.gov/petroleum/supply/weekly/archive/2020/2020_03_04/wpsr_2020_03_04.php,https://www.eia.gov/petroleum/supply/weekly/schedule.php
2020-03-11 14:30:00,EIA,OFFICIAL_ARCHIVE_STANDARD_WEDNESDAY_1030_NY,https://www.eia.gov/petroleum/supply/weekly/archive/2020/2020_03_11/wpsr_2020_03_11.php,https://www.eia.gov/petroleum/supply/weekly/schedule.php
2020-03-18 14:30:00,EIA,OFFICIAL_ARCHIVE_STANDARD_WEDNESDAY_1030_NY,https://www.eia.gov/petroleum/supply/weekly/archive/2020/2020_03_18/wpsr_2020_03_18.php,https://www.eia.gov/petroleum/supply/weekly/schedule.php
2020-03-25 14:30:00,EIA,OFFICIAL_ARCHIVE_STANDARD_WEDNESDAY_1030_NY,https://www.eia.gov/petroleum/supply/weekly/archive/2020/2020_03_25/wpsr_2020_03_25.php,https://www.eia.gov/petroleum/supply/weekly/schedule.php
2020-04-01 14:30:00,EIA,OFFICIAL_ARCHIVE_STANDARD_WEDNESDAY_1030_NY,https://www.eia.gov/petroleum/supply/weekly/archive/2020/2020_04_01/wpsr_2020_04_01.php,https://www.eia.gov/petroleum/supply/weekly/schedule.php
2020-04-08 14:30:00,EIA,OFFICIAL_ARCHIVE_STANDARD_WEDNESDAY_1030_NY,https://www.eia.gov/petroleum/supply/weekly/archive/2020/2020_04_08/wpsr_2020_04_08.php,https://www.eia.gov/petroleum/supply/weekly/schedule.php
2020-04-15 14:30:00,EIA,OFFICIAL_ARCHIVE_STANDARD_WEDNESDAY_1030_NY,https://www.eia.gov/petroleum/supply/weekly/archive/2020/2020_04_15/wpsr_2020_04_15.php,https://www.eia.gov/petroleum/supply/weekly/schedule.php
2020-04-22 14:30:00,EIA,OFFICIAL_ARCHIVE_STANDARD_WEDNESDAY_1030_NY,https://www.eia.gov/petroleum/supply/weekly/archive/2020/2020_04_22/wpsr_2020_04_22.php,https://www.eia.gov/petroleum/supply/weekly/schedule.php
2020-04-29 14:30:00,EIA,OFFICIAL_ARCHIVE_STANDARD_WEDNESDAY_1030_NY,https://www.eia.gov/petroleum/supply/weekly/archive/2020/2020_04_29/wpsr_2020_04_29.php,https://www.eia.gov/petroleum/supply/weekly/schedule.php
2020-05-06 14:30:00,EIA,OFFICIAL_ARCHIVE_STANDARD_WEDNESDAY_1030_NY,https://www.eia.gov/petroleum/supply/weekly/archive/2020/2020_05_06/wpsr_2020_05_06.php,https://www.eia.gov/petroleum/supply/weekly/schedule.php
2020-05-13 14:30:00,EIA,OFFICIAL_ARCHIVE_STANDARD_WEDNESDAY_1030_NY,https://www.eia.gov/petroleum/supply/weekly/archive/2020/2020_05_13/wpsr_2020_05_13.php,https://www.eia.gov/petroleum/supply/weekly/schedule.php
2020-05-20 14:30:00,EIA,OFFICIAL_ARCHIVE_STANDARD_WEDNESDAY_1030_NY,https://www.eia.gov/petroleum/supply/weekly/archive/2020/2020_05_20/wpsr_2020_05_20.php,https://www.eia.gov/petroleum/supply/weekly/schedule.php
2020-06-03 14:30:00,EIA,OFFICIAL_ARCHIVE_STANDARD_WEDNESDAY_1030_NY,https://www.eia.gov/petroleum/supply/weekly/archive/2020/2020_06_03/wpsr_2020_06_03.php,https://www.eia.gov/petroleum/supply/weekly/schedule.php
2020-06-10 14:30:00,EIA,OFFICIAL_ARCHIVE_STANDARD_WEDNESDAY_1030_NY,https://www.eia.gov/petroleum/supply/weekly/archive/2020/2020_06_10/wpsr_2020_06_10.php,https://www.eia.gov/petroleum/supply/weekly/schedule.php
2020-06-17 14:30:00,EIA,OFFICIAL_ARCHIVE_STANDARD_WEDNESDAY_1030_NY,https://www.eia.gov/petroleum/supply/weekly/archive/2020/2020_06_17/wpsr_2020_06_17.php,https://www.eia.gov/petroleum/supply/weekly/schedule.php
2020-06-24 14:30:00,EIA,OFFICIAL_ARCHIVE_STANDARD_WEDNESDAY_1030_NY,https://www.eia.gov/petroleum/supply/weekly/archive/2020/2020_06_24/wpsr_2020_06_24.php,https://www.eia.gov/petroleum/supply/weekly/schedule.php
2020-07-01 14:30:00,EIA,OFFICIAL_ARCHIVE_STANDARD_WEDNESDAY_1030_NY,https://www.eia.gov/petroleum/supply/weekly/archive/2020/2020_07_01/wpsr_2020_07_01.php,https://www.eia.gov/petroleum/supply/weekly/schedule.php
2020-07-08 14:30:00,EIA,OFFICIAL_ARCHIVE_STANDARD_WEDNESDAY_1030_NY,https://www.eia.gov/petroleum/supply/weekly/archive/2020/2020_07_08/wpsr_2020_07_08.php,https://www.eia.gov/petroleum/supply/weekly/schedule.php
2020-07-15 14:30:00,EIA,OFFICIAL_ARCHIVE_STANDARD_WEDNESDAY_1030_NY,https://www.eia.gov/petroleum/supply/weekly/archive/2020/2020_07_15/wpsr_2020_07_15.php,https://www.eia.gov/petroleum/supply/weekly/schedule.php
2020-07-22 14:30:00,EIA,OFFICIAL_ARCHIVE_STANDARD_WEDNESDAY_1030_NY,https://www.eia.gov/petroleum/supply/weekly/archive/2020/2020_07_22/wpsr_2020_07_22.php,https://www.eia.gov/petroleum/supply/weekly/schedule.php
2020-07-29 14:30:00,EIA,OFFICIAL_ARCHIVE_STANDARD_WEDNESDAY_1030_NY,https://www.eia.gov/petroleum/supply/weekly/archive/2020/2020_07_29/wpsr_2020_07_29.php,https://www.eia.gov/petroleum/supply/weekly/schedule.php
2020-08-05 14:30:00,EIA,OFFICIAL_ARCHIVE_STANDARD_WEDNESDAY_1030_NY,https://www.eia.gov/petroleum/supply/weekly/archive/2020/2020_08_05/wpsr_2020_08_05.php,https://www.eia.gov/petroleum/supply/weekly/schedule.php
2020-08-12 14:30:00,EIA,OFFICIAL_ARCHIVE_STANDARD_WEDNESDAY_1030_NY,https://www.eia.gov/petroleum/supply/weekly/archive/2020/2020_08_12/wpsr_2020_08_12.php,https://www.eia.gov/petroleum/supply/weekly/schedule.php
2020-08-19 14:30:00,EIA,OFFICIAL_ARCHIVE_STANDARD_WEDNESDAY_1030_NY,https://www.eia.gov/petroleum/supply/weekly/archive/2020/2020_08_19/wpsr_2020_08_19.php,https://www.eia.gov/petroleum/supply/weekly/schedule.php
2020-08-26 14:30:00,EIA,OFFICIAL_ARCHIVE_STANDARD_WEDNESDAY_1030_NY,https://www.eia.gov/petroleum/supply/weekly/archive/2020/2020_08_26/wpsr_2020_08_26.php,https://www.eia.gov/petroleum/supply/weekly/schedule.php
2020-09-02 14:30:00,EIA,OFFICIAL_ARCHIVE_STANDARD_WEDNESDAY_1030_NY,https://www.eia.gov/petroleum/supply/weekly/archive/2020/2020_09_02/wpsr_2020_09_02.php,https://www.eia.gov/petroleum/supply/weekly/schedule.php
2020-09-16 14:30:00,EIA,OFFICIAL_ARCHIVE_STANDARD_WEDNESDAY_1030_NY,https://www.eia.gov/petroleum/supply/weekly/archive/2020/2020_09_16/wpsr_2020_09_16.php,https://www.eia.gov/petroleum/supply/weekly/schedule.php
2020-09-23 14:30:00,EIA,OFFICIAL_ARCHIVE_STANDARD_WEDNESDAY_1030_NY,https://www.eia.gov/petroleum/supply/weekly/archive/2020/2020_09_23/wpsr_2020_09_23.php,https://www.eia.gov/petroleum/supply/weekly/schedule.php
2020-09-30 14:30:00,EIA,OFFICIAL_ARCHIVE_STANDARD_WEDNESDAY_1030_NY,https://www.eia.gov/petroleum/supply/weekly/archive/2020/2020_09_30/wpsr_2020_09_30.php,https://www.eia.gov/petroleum/supply/weekly/schedule.php
2020-10-07 14:30:00,EIA,OFFICIAL_ARCHIVE_STANDARD_WEDNESDAY_1030_NY,https://www.eia.gov/petroleum/supply/weekly/archive/2020/2020_10_07/wpsr_2020_10_07.php,https://www.eia.gov/petroleum/supply/weekly/schedule.php
2020-10-21 14:30:00,EIA,OFFICIAL_ARCHIVE_STANDARD_WEDNESDAY_1030_NY,https://www.eia.gov/petroleum/supply/weekly/archive/2020/2020_10_21/wpsr_2020_10_21.php,https://www.eia.gov/petroleum/supply/weekly/schedule.php
2020-10-28 14:30:00,EIA,OFFICIAL_ARCHIVE_STANDARD_WEDNESDAY_1030_NY,https://www.eia.gov/petroleum/supply/weekly/archive/2020/2020_10_28/wpsr_2020_10_28.php,https://www.eia.gov/petroleum/supply/weekly/schedule.php
2020-11-04 15:30:00,EIA,OFFICIAL_ARCHIVE_STANDARD_WEDNESDAY_1030_NY,https://www.eia.gov/petroleum/supply/weekly/archive/2020/2020_11_04/wpsr_2020_11_04.php,https://www.eia.gov/petroleum/supply/weekly/schedule.php
2020-11-18 15:30:00,EIA,OFFICIAL_ARCHIVE_STANDARD_WEDNESDAY_1030_NY,https://www.eia.gov/petroleum/supply/weekly/archive/2020/2020_11_18/wpsr_2020_11_18.php,https://www.eia.gov/petroleum/supply/weekly/schedule.php
2020-11-25 15:30:00,EIA,OFFICIAL_ARCHIVE_STANDARD_WEDNESDAY_1030_NY,https://www.eia.gov/petroleum/supply/weekly/archive/2020/2020_11_25/wpsr_2020_11_25.php,https://www.eia.gov/petroleum/supply/weekly/schedule.php
2020-12-02 15:30:00,EIA,OFFICIAL_ARCHIVE_STANDARD_WEDNESDAY_1030_NY,https://www.eia.gov/petroleum/supply/weekly/archive/2020/2020_12_02/wpsr_2020_12_02.php,https://www.eia.gov/petroleum/supply/weekly/schedule.php
2020-12-09 15:30:00,EIA,OFFICIAL_ARCHIVE_STANDARD_WEDNESDAY_1030_NY,https://www.eia.gov/petroleum/supply/weekly/archive/2020/2020_12_09/wpsr_2020_12_09.php,https://www.eia.gov/petroleum/supply/weekly/schedule.php
2020-12-16 15:30:00,EIA,OFFICIAL_ARCHIVE_STANDARD_WEDNESDAY_1030_NY,https://www.eia.gov/petroleum/supply/weekly/archive/2020/2020_12_16/wpsr_2020_12_16.php,https://www.eia.gov/petroleum/supply/weekly/schedule.php
2020-12-23 15:30:00,EIA,OFFICIAL_ARCHIVE_STANDARD_WEDNESDAY_1030_NY,https://www.eia.gov/petroleum/supply/weekly/archive/2020/2020_12_23/wpsr_2020_12_23.php,https://www.eia.gov/petroleum/supply/weekly/schedule.php
2020-12-30 15:30:00,EIA,OFFICIAL_ARCHIVE_STANDARD_WEDNESDAY_1030_NY,https://www.eia.gov/petroleum/supply/weekly/archive/2020/2020_12_30/wpsr_2020_12_30.php,https://www.eia.gov/petroleum/supply/weekly/schedule.php
2021-01-06 15:30:00,EIA,OFFICIAL_ARCHIVE_STANDARD_WEDNESDAY_1030_NY,https://www.eia.gov/petroleum/supply/weekly/archive/2021/2021_01_06/wpsr_2021_01_06.php,https://www.eia.gov/petroleum/supply/weekly/schedule.php
2021-01-13 15:30:00,EIA,OFFICIAL_ARCHIVE_STANDARD_WEDNESDAY_1030_NY,https://www.eia.gov/petroleum/supply/weekly/archive/2021/2021_01_13/wpsr_2021_01_13.php,https://www.eia.gov/petroleum/supply/weekly/schedule.php
2021-01-27 15:30:00,EIA,OFFICIAL_ARCHIVE_STANDARD_WEDNESDAY_1030_NY,https://www.eia.gov/petroleum/supply/weekly/archive/2021/2021_01_27/wpsr_2021_01_27.php,https://www.eia.gov/petroleum/supply/weekly/schedule.php
2021-02-03 15:30:00,EIA,OFFICIAL_ARCHIVE_STANDARD_WEDNESDAY_1030_NY,https://www.eia.gov/petroleum/supply/weekly/archive/2021/2021_02_03/wpsr_2021_02_03.php,https://www.eia.gov/petroleum/supply/weekly/schedule.php
2021-02-10 15:30:00,EIA,OFFICIAL_ARCHIVE_STANDARD_WEDNESDAY_1030_NY,https://www.eia.gov/petroleum/supply/weekly/archive/2021/2021_02_10/wpsr_2021_02_10.php,https://www.eia.gov/petroleum/supply/weekly/schedule.php
2021-02-24 15:30:00,EIA,OFFICIAL_ARCHIVE_STANDARD_WEDNESDAY_1030_NY,https://www.eia.gov/petroleum/supply/weekly/archive/2021/2021_02_24/wpsr_2021_02_24.php,https://www.eia.gov/petroleum/supply/weekly/schedule.php
2021-03-03 15:30:00,EIA,OFFICIAL_ARCHIVE_STANDARD_WEDNESDAY_1030_NY,https://www.eia.gov/petroleum/supply/weekly/archive/2021/2021_03_03/wpsr_2021_03_03.php,https://www.eia.gov/petroleum/supply/weekly/schedule.php
2021-03-10 15:30:00,EIA,OFFICIAL_ARCHIVE_STANDARD_WEDNESDAY_1030_NY,https://www.eia.gov/petroleum/supply/weekly/archive/2021/2021_03_10/wpsr_2021_03_10.php,https://www.eia.gov/petroleum/supply/weekly/schedule.php
2021-03-17 14:30:00,EIA,OFFICIAL_ARCHIVE_STANDARD_WEDNESDAY_1030_NY,https://www.eia.gov/petroleum/supply/weekly/archive/2021/2021_03_17/wpsr_2021_03_17.php,https://www.eia.gov/petroleum/supply/weekly/schedule.php
2021-03-24 14:30:00,EIA,OFFICIAL_ARCHIVE_STANDARD_WEDNESDAY_1030_NY,https://www.eia.gov/petroleum/supply/weekly/archive/2021/2021_03_24/wpsr_2021_03_24.php,https://www.eia.gov/petroleum/supply/weekly/schedule.php
2021-03-31 14:30:00,EIA,OFFICIAL_ARCHIVE_STANDARD_WEDNESDAY_1030_NY,https://www.eia.gov/petroleum/supply/weekly/archive/2021/2021_03_31/wpsr_2021_03_31.php,https://www.eia.gov/petroleum/supply/weekly/schedule.php
2021-04-07 14:30:00,EIA,OFFICIAL_ARCHIVE_STANDARD_WEDNESDAY_1030_NY,https://www.eia.gov/petroleum/supply/weekly/archive/2021/2021_04_07/wpsr_2021_04_07.php,https://www.eia.gov/petroleum/supply/weekly/schedule.php
2021-04-14 14:30:00,EIA,OFFICIAL_ARCHIVE_STANDARD_WEDNESDAY_1030_NY,https://www.eia.gov/petroleum/supply/weekly/archive/2021/2021_04_14/wpsr_2021_04_14.php,https://www.eia.gov/petroleum/supply/weekly/schedule.php
2021-04-21 14:30:00,EIA,OFFICIAL_ARCHIVE_STANDARD_WEDNESDAY_1030_NY,https://www.eia.gov/petroleum/supply/weekly/archive/2021/2021_04_21/wpsr_2021_04_21.php,https://www.eia.gov/petroleum/supply/weekly/schedule.php
2021-04-28 14:30:00,EIA,OFFICIAL_ARCHIVE_STANDARD_WEDNESDAY_1030_NY,https://www.eia.gov/petroleum/supply/weekly/archive/2021/2021_04_28/wpsr_2021_04_28.php,https://www.eia.gov/petroleum/supply/weekly/schedule.php
2021-05-05 14:30:00,EIA,OFFICIAL_ARCHIVE_STANDARD_WEDNESDAY_1030_NY,https://www.eia.gov/petroleum/supply/weekly/archive/2021/2021_05_05/wpsr_2021_05_05.php,https://www.eia.gov/petroleum/supply/weekly/schedule.php
2021-05-12 14:30:00,EIA,OFFICIAL_ARCHIVE_STANDARD_WEDNESDAY_1030_NY,https://www.eia.gov/petroleum/supply/weekly/archive/2021/2021_05_12/wpsr_2021_05_12.php,https://www.eia.gov/petroleum/supply/weekly/schedule.php
2021-05-19 14:30:00,EIA,OFFICIAL_ARCHIVE_STANDARD_WEDNESDAY_1030_NY,https://www.eia.gov/petroleum/supply/weekly/archive/2021/2021_05_19/wpsr_2021_05_19.php,https://www.eia.gov/petroleum/supply/weekly/schedule.php
2021-05-26 14:30:00,EIA,OFFICIAL_ARCHIVE_STANDARD_WEDNESDAY_1030_NY,https://www.eia.gov/petroleum/supply/weekly/archive/2021/2021_05_26/wpsr_2021_05_26.php,https://www.eia.gov/petroleum/supply/weekly/schedule.php
2021-06-09 14:30:00,EIA,OFFICIAL_ARCHIVE_STANDARD_WEDNESDAY_1030_NY,https://www.eia.gov/petroleum/supply/weekly/archive/2021/2021_06_09/wpsr_2021_06_09.php,https://www.eia.gov/petroleum/supply/weekly/schedule.php
2021-06-16 14:30:00,EIA,OFFICIAL_ARCHIVE_STANDARD_WEDNESDAY_1030_NY,https://www.eia.gov/petroleum/supply/weekly/archive/2021/2021_06_16/wpsr_2021_06_16.php,https://www.eia.gov/petroleum/supply/weekly/schedule.php
2021-06-23 14:30:00,EIA,OFFICIAL_ARCHIVE_STANDARD_WEDNESDAY_1030_NY,https://www.eia.gov/petroleum/supply/weekly/archive/2021/2021_06_23/wpsr_2021_06_23.php,https://www.eia.gov/petroleum/supply/weekly/schedule.php
2021-06-30 14:30:00,EIA,OFFICIAL_ARCHIVE_STANDARD_WEDNESDAY_1030_NY,https://www.eia.gov/petroleum/supply/weekly/archive/2021/2021_06_30/wpsr_2021_06_30.php,https://www.eia.gov/petroleum/supply/weekly/schedule.php
2021-07-14 14:30:00,EIA,OFFICIAL_ARCHIVE_STANDARD_WEDNESDAY_1030_NY,https://www.eia.gov/petroleum/supply/weekly/archive/2021/2021_07_14/wpsr_2021_07_14.php,https://www.eia.gov/petroleum/supply/weekly/schedule.php
2021-07-21 14:30:00,EIA,OFFICIAL_ARCHIVE_STANDARD_WEDNESDAY_1030_NY,https://www.eia.gov/petroleum/supply/weekly/archive/2021/2021_07_21/wpsr_2021_07_21.php,https://www.eia.gov/petroleum/supply/weekly/schedule.php
2021-07-28 14:30:00,EIA,OFFICIAL_ARCHIVE_STANDARD_WEDNESDAY_1030_NY,https://www.eia.gov/petroleum/supply/weekly/archive/2021/2021_07_28/wpsr_2021_07_28.php,https://www.eia.gov/petroleum/supply/weekly/schedule.php
2021-08-04 14:30:00,EIA,OFFICIAL_ARCHIVE_STANDARD_WEDNESDAY_1030_NY,https://www.eia.gov/petroleum/supply/weekly/archive/2021/2021_08_04/wpsr_2021_08_04.php,https://www.eia.gov/petroleum/supply/weekly/schedule.php
2021-08-11 14:30:00,EIA,OFFICIAL_ARCHIVE_STANDARD_WEDNESDAY_1030_NY,https://www.eia.gov/petroleum/supply/weekly/archive/2021/2021_08_11/wpsr_2021_08_11.php,https://www.eia.gov/petroleum/supply/weekly/schedule.php
2021-08-18 14:30:00,EIA,OFFICIAL_ARCHIVE_STANDARD_WEDNESDAY_1030_NY,https://www.eia.gov/petroleum/supply/weekly/archive/2021/2021_08_18/wpsr_2021_08_18.php,https://www.eia.gov/petroleum/supply/weekly/schedule.php
2021-08-25 14:30:00,EIA,OFFICIAL_ARCHIVE_STANDARD_WEDNESDAY_1030_NY,https://www.eia.gov/petroleum/supply/weekly/archive/2021/2021_08_25/wpsr_2021_08_25.php,https://www.eia.gov/petroleum/supply/weekly/schedule.php
2021-09-01 14:30:00,EIA,OFFICIAL_ARCHIVE_STANDARD_WEDNESDAY_1030_NY,https://www.eia.gov/petroleum/supply/weekly/archive/2021/2021_09_01/wpsr_2021_09_01.php,https://www.eia.gov/petroleum/supply/weekly/schedule.php
2021-09-15 14:30:00,EIA,OFFICIAL_ARCHIVE_STANDARD_WEDNESDAY_1030_NY,https://www.eia.gov/petroleum/supply/weekly/archive/2021/2021_09_15/wpsr_2021_09_15.php,https://www.eia.gov/petroleum/supply/weekly/schedule.php
2021-09-22 14:30:00,EIA,OFFICIAL_ARCHIVE_STANDARD_WEDNESDAY_1030_NY,https://www.eia.gov/petroleum/supply/weekly/archive/2021/2021_09_22/wpsr_2021_09_22.php,https://www.eia.gov/petroleum/supply/weekly/schedule.php
2021-09-29 14:30:00,EIA,OFFICIAL_ARCHIVE_STANDARD_WEDNESDAY_1030_NY,https://www.eia.gov/petroleum/supply/weekly/archive/2021/2021_09_29/wpsr_2021_09_29.php,https://www.eia.gov/petroleum/supply/weekly/schedule.php
2021-10-06 14:30:00,EIA,OFFICIAL_ARCHIVE_STANDARD_WEDNESDAY_1030_NY,https://www.eia.gov/petroleum/supply/weekly/archive/2021/2021_10_06/wpsr_2021_10_06.php,https://www.eia.gov/petroleum/supply/weekly/schedule.php
2021-10-20 14:30:00,EIA,OFFICIAL_ARCHIVE_STANDARD_WEDNESDAY_1030_NY,https://www.eia.gov/petroleum/supply/weekly/archive/2021/2021_10_20/wpsr_2021_10_20.php,https://www.eia.gov/petroleum/supply/weekly/schedule.php
2021-10-27 14:30:00,EIA,OFFICIAL_ARCHIVE_STANDARD_WEDNESDAY_1030_NY,https://www.eia.gov/petroleum/supply/weekly/archive/2021/2021_10_27/wpsr_2021_10_27.php,https://www.eia.gov/petroleum/supply/weekly/schedule.php
2021-11-03 14:30:00,EIA,OFFICIAL_ARCHIVE_STANDARD_WEDNESDAY_1030_NY,https://www.eia.gov/petroleum/supply/weekly/archive/2021/2021_11_03/wpsr_2021_11_03.php,https://www.eia.gov/petroleum/supply/weekly/schedule.php
2021-11-10 15:30:00,EIA,OFFICIAL_ARCHIVE_STANDARD_WEDNESDAY_1030_NY,https://www.eia.gov/petroleum/supply/weekly/archive/2021/2021_11_10/wpsr_2021_11_10.php,https://www.eia.gov/petroleum/supply/weekly/schedule.php
2021-11-17 15:30:00,EIA,OFFICIAL_ARCHIVE_STANDARD_WEDNESDAY_1030_NY,https://www.eia.gov/petroleum/supply/weekly/archive/2021/2021_11_17/wpsr_2021_11_17.php,https://www.eia.gov/petroleum/supply/weekly/schedule.php
2021-11-24 15:30:00,EIA,OFFICIAL_ARCHIVE_STANDARD_WEDNESDAY_1030_NY,https://www.eia.gov/petroleum/supply/weekly/archive/2021/2021_11_24/wpsr_2021_11_24.php,https://www.eia.gov/petroleum/supply/weekly/schedule.php
2021-12-01 15:30:00,EIA,OFFICIAL_ARCHIVE_STANDARD_WEDNESDAY_1030_NY,https://www.eia.gov/petroleum/supply/weekly/archive/2021/2021_12_01/wpsr_2021_12_01.php,https://www.eia.gov/petroleum/supply/weekly/schedule.php
2021-12-08 15:30:00,EIA,OFFICIAL_ARCHIVE_STANDARD_WEDNESDAY_1030_NY,https://www.eia.gov/petroleum/supply/weekly/archive/2021/2021_12_08/wpsr_2021_12_08.php,https://www.eia.gov/petroleum/supply/weekly/schedule.php
2021-12-15 15:30:00,EIA,OFFICIAL_ARCHIVE_STANDARD_WEDNESDAY_1030_NY,https://www.eia.gov/petroleum/supply/weekly/archive/2021/2021_12_15/wpsr_2021_12_15.php,https://www.eia.gov/petroleum/supply/weekly/schedule.php
2021-12-22 15:30:00,EIA,OFFICIAL_ARCHIVE_STANDARD_WEDNESDAY_1030_NY,https://www.eia.gov/petroleum/supply/weekly/archive/2021/2021_12_22/wpsr_2021_12_22.php,https://www.eia.gov/petroleum/supply/weekly/schedule.php
2021-12-29 15:30:00,EIA,OFFICIAL_ARCHIVE_STANDARD_WEDNESDAY_1030_NY,https://www.eia.gov/petroleum/supply/weekly/archive/2021/2021_12_29/wpsr_2021_12_29.php,https://www.eia.gov/petroleum/supply/weekly/schedule.php
2022-01-05 15:30:00,EIA,OFFICIAL_ARCHIVE_STANDARD_WEDNESDAY_1030_NY,https://www.eia.gov/petroleum/supply/weekly/archive/2022/2022_01_05/wpsr_2022_01_05.php,https://www.eia.gov/petroleum/supply/weekly/schedule.php
2022-01-12 15:30:00,EIA,OFFICIAL_ARCHIVE_STANDARD_WEDNESDAY_1030_NY,https://www.eia.gov/petroleum/supply/weekly/archive/2022/2022_01_12/wpsr_2022_01_12.php,https://www.eia.gov/petroleum/supply/weekly/schedule.php
2022-01-26 15:30:00,EIA,OFFICIAL_ARCHIVE_STANDARD_WEDNESDAY_1030_NY,https://www.eia.gov/petroleum/supply/weekly/archive/2022/2022_01_26/wpsr_2022_01_26.php,https://www.eia.gov/petroleum/supply/weekly/schedule.php
2022-02-02 15:30:00,EIA,OFFICIAL_ARCHIVE_STANDARD_WEDNESDAY_1030_NY,https://www.eia.gov/petroleum/supply/weekly/archive/2022/2022_02_02/wpsr_2022_02_02.php,https://www.eia.gov/petroleum/supply/weekly/schedule.php
2022-02-09 15:30:00,EIA,OFFICIAL_ARCHIVE_STANDARD_WEDNESDAY_1030_NY,https://www.eia.gov/petroleum/supply/weekly/archive/2022/2022_02_09/wpsr_2022_02_09.php,https://www.eia.gov/petroleum/supply/weekly/schedule.php
2022-02-16 15:30:00,EIA,OFFICIAL_ARCHIVE_STANDARD_WEDNESDAY_1030_NY,https://www.eia.gov/petroleum/supply/weekly/archive/2022/2022_02_16/wpsr_2022_02_16.php,https://www.eia.gov/petroleum/supply/weekly/schedule.php
2022-03-02 15:30:00,EIA,OFFICIAL_ARCHIVE_STANDARD_WEDNESDAY_1030_NY,https://www.eia.gov/petroleum/supply/weekly/archive/2022/2022_03_02/wpsr_2022_03_02.php,https://www.eia.gov/petroleum/supply/weekly/schedule.php
2022-03-09 15:30:00,EIA,OFFICIAL_ARCHIVE_STANDARD_WEDNESDAY_1030_NY,https://www.eia.gov/petroleum/supply/weekly/archive/2022/2022_03_09/wpsr_2022_03_09.php,https://www.eia.gov/petroleum/supply/weekly/schedule.php
2022-03-16 14:30:00,EIA,OFFICIAL_ARCHIVE_STANDARD_WEDNESDAY_1030_NY,https://www.eia.gov/petroleum/supply/weekly/archive/2022/2022_03_16/wpsr_2022_03_16.php,https://www.eia.gov/petroleum/supply/weekly/schedule.php
2022-03-23 14:30:00,EIA,OFFICIAL_ARCHIVE_STANDARD_WEDNESDAY_1030_NY,https://www.eia.gov/petroleum/supply/weekly/archive/2022/2022_03_23/wpsr_2022_03_23.php,https://www.eia.gov/petroleum/supply/weekly/schedule.php
2022-03-30 14:30:00,EIA,OFFICIAL_ARCHIVE_STANDARD_WEDNESDAY_1030_NY,https://www.eia.gov/petroleum/supply/weekly/archive/2022/2022_03_30/wpsr_2022_03_30.php,https://www.eia.gov/petroleum/supply/weekly/schedule.php
2022-04-06 14:30:00,EIA,OFFICIAL_ARCHIVE_STANDARD_WEDNESDAY_1030_NY,https://www.eia.gov/petroleum/supply/weekly/archive/2022/2022_04_06/wpsr_2022_04_06.php,https://www.eia.gov/petroleum/supply/weekly/schedule.php
2022-04-13 14:30:00,EIA,OFFICIAL_ARCHIVE_STANDARD_WEDNESDAY_1030_NY,https://www.eia.gov/petroleum/supply/weekly/archive/2022/2022_04_13/wpsr_2022_04_13.php,https://www.eia.gov/petroleum/supply/weekly/schedule.php
2022-04-20 14:30:00,EIA,OFFICIAL_ARCHIVE_STANDARD_WEDNESDAY_1030_NY,https://www.eia.gov/petroleum/supply/weekly/archive/2022/2022_04_20/wpsr_2022_04_20.php,https://www.eia.gov/petroleum/supply/weekly/schedule.php
2022-04-27 14:30:00,EIA,OFFICIAL_ARCHIVE_STANDARD_WEDNESDAY_1030_NY,https://www.eia.gov/petroleum/supply/weekly/archive/2022/2022_04_27/wpsr_2022_04_27.php,https://www.eia.gov/petroleum/supply/weekly/schedule.php
2022-05-04 14:30:00,EIA,OFFICIAL_ARCHIVE_STANDARD_WEDNESDAY_1030_NY,https://www.eia.gov/petroleum/supply/weekly/archive/2022/2022_05_04/wpsr_2022_05_04.php,https://www.eia.gov/petroleum/supply/weekly/schedule.php
2022-05-11 14:30:00,EIA,OFFICIAL_ARCHIVE_STANDARD_WEDNESDAY_1030_NY,https://www.eia.gov/petroleum/supply/weekly/archive/2022/2022_05_11/wpsr_2022_05_11.php,https://www.eia.gov/petroleum/supply/weekly/schedule.php
2022-05-18 14:30:00,EIA,OFFICIAL_ARCHIVE_STANDARD_WEDNESDAY_1030_NY,https://www.eia.gov/petroleum/supply/weekly/archive/2022/2022_05_18/wpsr_2022_05_18.php,https://www.eia.gov/petroleum/supply/weekly/schedule.php
2022-05-25 14:30:00,EIA,OFFICIAL_ARCHIVE_STANDARD_WEDNESDAY_1030_NY,https://www.eia.gov/petroleum/supply/weekly/archive/2022/2022_05_25/wpsr_2022_05_25.php,https://www.eia.gov/petroleum/supply/weekly/schedule.php
2022-06-08 14:30:00,EIA,OFFICIAL_ARCHIVE_STANDARD_WEDNESDAY_1030_NY,https://www.eia.gov/petroleum/supply/weekly/archive/2022/2022_06_08/wpsr_2022_06_08.php,https://www.eia.gov/petroleum/supply/weekly/schedule.php
2022-06-15 14:30:00,EIA,OFFICIAL_ARCHIVE_STANDARD_WEDNESDAY_1030_NY,https://www.eia.gov/petroleum/supply/weekly/archive/2022/2022_06_15/wpsr_2022_06_15.php,https://www.eia.gov/petroleum/supply/weekly/schedule.php
2022-06-29 14:30:00,EIA,OFFICIAL_ARCHIVE_STANDARD_WEDNESDAY_1030_NY,https://www.eia.gov/petroleum/supply/weekly/archive/2022/2022_06_29/wpsr_2022_06_29.php,https://www.eia.gov/petroleum/supply/weekly/schedule.php
2022-07-13 14:30:00,EIA,OFFICIAL_ARCHIVE_STANDARD_WEDNESDAY_1030_NY,https://www.eia.gov/petroleum/supply/weekly/archive/2022/2022_07_13/wpsr_2022_07_13.php,https://www.eia.gov/petroleum/supply/weekly/schedule.php
2022-07-20 14:30:00,EIA,OFFICIAL_ARCHIVE_STANDARD_WEDNESDAY_1030_NY,https://www.eia.gov/petroleum/supply/weekly/archive/2022/2022_07_20/wpsr_2022_07_20.php,https://www.eia.gov/petroleum/supply/weekly/schedule.php
2022-07-27 14:30:00,EIA,OFFICIAL_ARCHIVE_STANDARD_WEDNESDAY_1030_NY,https://www.eia.gov/petroleum/supply/weekly/archive/2022/2022_07_27/wpsr_2022_07_27.php,https://www.eia.gov/petroleum/supply/weekly/schedule.php
2022-08-03 14:30:00,EIA,OFFICIAL_ARCHIVE_STANDARD_WEDNESDAY_1030_NY,https://www.eia.gov/petroleum/supply/weekly/archive/2022/2022_08_03/wpsr_2022_08_03.php,https://www.eia.gov/petroleum/supply/weekly/schedule.php
2022-08-10 14:30:00,EIA,OFFICIAL_ARCHIVE_STANDARD_WEDNESDAY_1030_NY,https://www.eia.gov/petroleum/supply/weekly/archive/2022/2022_08_10/wpsr_2022_08_10.php,https://www.eia.gov/petroleum/supply/weekly/schedule.php
2022-08-17 14:30:00,EIA,OFFICIAL_ARCHIVE_STANDARD_WEDNESDAY_1030_NY,https://www.eia.gov/petroleum/supply/weekly/archive/2022/2022_08_17/wpsr_2022_08_17.php,https://www.eia.gov/petroleum/supply/weekly/schedule.php
2022-08-24 14:30:00,EIA,OFFICIAL_ARCHIVE_STANDARD_WEDNESDAY_1030_NY,https://www.eia.gov/petroleum/supply/weekly/archive/2022/2022_08_24/wpsr_2022_08_24.php,https://www.eia.gov/petroleum/supply/weekly/schedule.php
2022-08-31 14:30:00,EIA,OFFICIAL_ARCHIVE_STANDARD_WEDNESDAY_1030_NY,https://www.eia.gov/petroleum/supply/weekly/archive/2022/2022_08_31/wpsr_2022_08_31.php,https://www.eia.gov/petroleum/supply/weekly/schedule.php
2022-09-14 14:30:00,EIA,OFFICIAL_ARCHIVE_STANDARD_WEDNESDAY_1030_NY,https://www.eia.gov/petroleum/supply/weekly/archive/2022/2022_09_14/wpsr_2022_09_14.php,https://www.eia.gov/petroleum/supply/weekly/schedule.php
2022-09-21 14:30:00,EIA,OFFICIAL_ARCHIVE_STANDARD_WEDNESDAY_1030_NY,https://www.eia.gov/petroleum/supply/weekly/archive/2022/2022_09_21/wpsr_2022_09_21.php,https://www.eia.gov/petroleum/supply/weekly/schedule.php
2022-09-28 14:30:00,EIA,OFFICIAL_ARCHIVE_STANDARD_WEDNESDAY_1030_NY,https://www.eia.gov/petroleum/supply/weekly/archive/2022/2022_09_28/wpsr_2022_09_28.php,https://www.eia.gov/petroleum/supply/weekly/schedule.php
2022-10-05 14:30:00,EIA,OFFICIAL_ARCHIVE_STANDARD_WEDNESDAY_1030_NY,https://www.eia.gov/petroleum/supply/weekly/archive/2022/2022_10_05/wpsr_2022_10_05.php,https://www.eia.gov/petroleum/supply/weekly/schedule.php
2022-10-19 14:30:00,EIA,OFFICIAL_ARCHIVE_STANDARD_WEDNESDAY_1030_NY,https://www.eia.gov/petroleum/supply/weekly/archive/2022/2022_10_19/wpsr_2022_10_19.php,https://www.eia.gov/petroleum/supply/weekly/schedule.php
2022-10-26 14:30:00,EIA,OFFICIAL_ARCHIVE_STANDARD_WEDNESDAY_1030_NY,https://www.eia.gov/petroleum/supply/weekly/archive/2022/2022_10_26/wpsr_2022_10_26.php,https://www.eia.gov/petroleum/supply/weekly/schedule.php
2022-11-02 14:30:00,EIA,OFFICIAL_ARCHIVE_STANDARD_WEDNESDAY_1030_NY,https://www.eia.gov/petroleum/supply/weekly/archive/2022/2022_11_02/wpsr_2022_11_02.php,https://www.eia.gov/petroleum/supply/weekly/schedule.php
2022-11-09 15:30:00,EIA,OFFICIAL_ARCHIVE_STANDARD_WEDNESDAY_1030_NY,https://www.eia.gov/petroleum/supply/weekly/archive/2022/2022_11_09/wpsr_2022_11_09.php,https://www.eia.gov/petroleum/supply/weekly/schedule.php
2022-11-16 15:30:00,EIA,OFFICIAL_ARCHIVE_STANDARD_WEDNESDAY_1030_NY,https://www.eia.gov/petroleum/supply/weekly/archive/2022/2022_11_16/wpsr_2022_11_16.php,https://www.eia.gov/petroleum/supply/weekly/schedule.php
2022-11-23 15:30:00,EIA,OFFICIAL_ARCHIVE_STANDARD_WEDNESDAY_1030_NY,https://www.eia.gov/petroleum/supply/weekly/archive/2022/2022_11_23/wpsr_2022_11_23.php,https://www.eia.gov/petroleum/supply/weekly/schedule.php
2022-11-30 15:30:00,EIA,OFFICIAL_ARCHIVE_STANDARD_WEDNESDAY_1030_NY,https://www.eia.gov/petroleum/supply/weekly/archive/2022/2022_11_30/wpsr_2022_11_30.php,https://www.eia.gov/petroleum/supply/weekly/schedule.php
2022-12-07 15:30:00,EIA,OFFICIAL_ARCHIVE_STANDARD_WEDNESDAY_1030_NY,https://www.eia.gov/petroleum/supply/weekly/archive/2022/2022_12_07/wpsr_2022_12_07.php,https://www.eia.gov/petroleum/supply/weekly/schedule.php
2022-12-14 15:30:00,EIA,OFFICIAL_ARCHIVE_STANDARD_WEDNESDAY_1030_NY,https://www.eia.gov/petroleum/supply/weekly/archive/2022/2022_12_14/wpsr_2022_12_14.php,https://www.eia.gov/petroleum/supply/weekly/schedule.php
2022-12-21 15:30:00,EIA,OFFICIAL_ARCHIVE_STANDARD_WEDNESDAY_1030_NY,https://www.eia.gov/petroleum/supply/weekly/archive/2022/2022_12_21/wpsr_2022_12_21.php,https://www.eia.gov/petroleum/supply/weekly/schedule.php
2023-01-11 15:30:00,EIA,OFFICIAL_ARCHIVE_STANDARD_WEDNESDAY_1030_NY,https://www.eia.gov/petroleum/supply/weekly/archive/2023/2023_01_11/wpsr_2023_01_11.php,https://www.eia.gov/petroleum/supply/weekly/schedule.php
2023-01-25 15:30:00,EIA,OFFICIAL_ARCHIVE_STANDARD_WEDNESDAY_1030_NY,https://www.eia.gov/petroleum/supply/weekly/archive/2023/2023_01_25/wpsr_2023_01_25.php,https://www.eia.gov/petroleum/supply/weekly/schedule.php
2023-02-01 15:30:00,EIA,OFFICIAL_ARCHIVE_STANDARD_WEDNESDAY_1030_NY,https://www.eia.gov/petroleum/supply/weekly/archive/2023/2023_02_01/wpsr_2023_02_01.php,https://www.eia.gov/petroleum/supply/weekly/schedule.php
2023-02-08 15:30:00,EIA,OFFICIAL_ARCHIVE_STANDARD_WEDNESDAY_1030_NY,https://www.eia.gov/petroleum/supply/weekly/archive/2023/2023_02_08/wpsr_2023_02_08.php,https://www.eia.gov/petroleum/supply/weekly/schedule.php
2023-02-15 15:30:00,EIA,OFFICIAL_ARCHIVE_STANDARD_WEDNESDAY_1030_NY,https://www.eia.gov/petroleum/supply/weekly/archive/2023/2023_02_15/wpsr_2023_02_15.php,https://www.eia.gov/petroleum/supply/weekly/schedule.php
2023-03-01 15:30:00,EIA,OFFICIAL_ARCHIVE_STANDARD_WEDNESDAY_1030_NY,https://www.eia.gov/petroleum/supply/weekly/archive/2023/2023_03_01/wpsr_2023_03_01.php,https://www.eia.gov/petroleum/supply/weekly/schedule.php
2023-03-08 15:30:00,EIA,OFFICIAL_ARCHIVE_STANDARD_WEDNESDAY_1030_NY,https://www.eia.gov/petroleum/supply/weekly/archive/2023/2023_03_08/wpsr_2023_03_08.php,https://www.eia.gov/petroleum/supply/weekly/schedule.php
2023-03-15 14:30:00,EIA,OFFICIAL_ARCHIVE_STANDARD_WEDNESDAY_1030_NY,https://www.eia.gov/petroleum/supply/weekly/archive/2023/2023_03_15/wpsr_2023_03_15.php,https://www.eia.gov/petroleum/supply/weekly/schedule.php
2023-03-22 14:30:00,EIA,OFFICIAL_ARCHIVE_STANDARD_WEDNESDAY_1030_NY,https://www.eia.gov/petroleum/supply/weekly/archive/2023/2023_03_22/wpsr_2023_03_22.php,https://www.eia.gov/petroleum/supply/weekly/schedule.php
2023-03-29 14:30:00,EIA,OFFICIAL_ARCHIVE_STANDARD_WEDNESDAY_1030_NY,https://www.eia.gov/petroleum/supply/weekly/archive/2023/2023_03_29/wpsr_2023_03_29.php,https://www.eia.gov/petroleum/supply/weekly/schedule.php
2023-04-05 14:30:00,EIA,OFFICIAL_ARCHIVE_STANDARD_WEDNESDAY_1030_NY,https://www.eia.gov/petroleum/supply/weekly/archive/2023/2023_04_05/wpsr_2023_04_05.php,https://www.eia.gov/petroleum/supply/weekly/schedule.php
2023-04-12 14:30:00,EIA,OFFICIAL_ARCHIVE_STANDARD_WEDNESDAY_1030_NY,https://www.eia.gov/petroleum/supply/weekly/archive/2023/2023_04_12/wpsr_2023_04_12.php,https://www.eia.gov/petroleum/supply/weekly/schedule.php
2023-04-19 14:30:00,EIA,OFFICIAL_ARCHIVE_STANDARD_WEDNESDAY_1030_NY,https://www.eia.gov/petroleum/supply/weekly/archive/2023/2023_04_19/wpsr_2023_04_19.php,https://www.eia.gov/petroleum/supply/weekly/schedule.php
2023-04-26 14:30:00,EIA,OFFICIAL_ARCHIVE_STANDARD_WEDNESDAY_1030_NY,https://www.eia.gov/petroleum/supply/weekly/archive/2023/2023_04_26/wpsr_2023_04_26.php,https://www.eia.gov/petroleum/supply/weekly/schedule.php
2023-05-03 14:30:00,EIA,OFFICIAL_ARCHIVE_STANDARD_WEDNESDAY_1030_NY,https://www.eia.gov/petroleum/supply/weekly/archive/2023/2023_05_03/wpsr_2023_05_03.php,https://www.eia.gov/petroleum/supply/weekly/schedule.php
2023-05-10 14:30:00,EIA,OFFICIAL_ARCHIVE_STANDARD_WEDNESDAY_1030_NY,https://www.eia.gov/petroleum/supply/weekly/archive/2023/2023_05_10/wpsr_2023_05_10.php,https://www.eia.gov/petroleum/supply/weekly/schedule.php
2023-05-17 14:30:00,EIA,OFFICIAL_ARCHIVE_STANDARD_WEDNESDAY_1030_NY,https://www.eia.gov/petroleum/supply/weekly/archive/2023/2023_05_17/wpsr_2023_05_17.php,https://www.eia.gov/petroleum/supply/weekly/schedule.php
2023-05-24 14:30:00,EIA,OFFICIAL_ARCHIVE_STANDARD_WEDNESDAY_1030_NY,https://www.eia.gov/petroleum/supply/weekly/archive/2023/2023_05_24/wpsr_2023_05_24.php,https://www.eia.gov/petroleum/supply/weekly/schedule.php
2023-06-07 14:30:00,EIA,OFFICIAL_ARCHIVE_STANDARD_WEDNESDAY_1030_NY,https://www.eia.gov/petroleum/supply/weekly/archive/2023/2023_06_07/wpsr_2023_06_07.php,https://www.eia.gov/petroleum/supply/weekly/schedule.php
2023-06-14 14:30:00,EIA,OFFICIAL_ARCHIVE_STANDARD_WEDNESDAY_1030_NY,https://www.eia.gov/petroleum/supply/weekly/archive/2023/2023_06_14/wpsr_2023_06_14.php,https://www.eia.gov/petroleum/supply/weekly/schedule.php
2023-06-28 14:30:00,EIA,OFFICIAL_ARCHIVE_STANDARD_WEDNESDAY_1030_NY,https://www.eia.gov/petroleum/supply/weekly/archive/2023/2023_06_28/wpsr_2023_06_28.php,https://www.eia.gov/petroleum/supply/weekly/schedule.php
2023-07-12 14:30:00,EIA,OFFICIAL_ARCHIVE_STANDARD_WEDNESDAY_1030_NY,https://www.eia.gov/petroleum/supply/weekly/archive/2023/2023_07_12/wpsr_2023_07_12.php,https://www.eia.gov/petroleum/supply/weekly/schedule.php
2023-07-19 14:30:00,EIA,OFFICIAL_ARCHIVE_STANDARD_WEDNESDAY_1030_NY,https://www.eia.gov/petroleum/supply/weekly/archive/2023/2023_07_19/wpsr_2023_07_19.php,https://www.eia.gov/petroleum/supply/weekly/schedule.php
2023-07-26 14:30:00,EIA,OFFICIAL_ARCHIVE_STANDARD_WEDNESDAY_1030_NY,https://www.eia.gov/petroleum/supply/weekly/archive/2023/2023_07_26/wpsr_2023_07_26.php,https://www.eia.gov/petroleum/supply/weekly/schedule.php
2023-08-02 14:30:00,EIA,OFFICIAL_ARCHIVE_STANDARD_WEDNESDAY_1030_NY,https://www.eia.gov/petroleum/supply/weekly/archive/2023/2023_08_02/wpsr_2023_08_02.php,https://www.eia.gov/petroleum/supply/weekly/schedule.php
2023-08-09 14:30:00,EIA,OFFICIAL_ARCHIVE_STANDARD_WEDNESDAY_1030_NY,https://www.eia.gov/petroleum/supply/weekly/archive/2023/2023_08_09/wpsr_2023_08_09.php,https://www.eia.gov/petroleum/supply/weekly/schedule.php
2023-08-16 14:30:00,EIA,OFFICIAL_ARCHIVE_STANDARD_WEDNESDAY_1030_NY,https://www.eia.gov/petroleum/supply/weekly/archive/2023/2023_08_16/wpsr_2023_08_16.php,https://www.eia.gov/petroleum/supply/weekly/schedule.php
2023-08-23 14:30:00,EIA,OFFICIAL_ARCHIVE_STANDARD_WEDNESDAY_1030_NY,https://www.eia.gov/petroleum/supply/weekly/archive/2023/2023_08_23/wpsr_2023_08_23.php,https://www.eia.gov/petroleum/supply/weekly/schedule.php
2023-08-30 14:30:00,EIA,OFFICIAL_ARCHIVE_STANDARD_WEDNESDAY_1030_NY,https://www.eia.gov/petroleum/supply/weekly/archive/2023/2023_08_30/wpsr_2023_08_30.php,https://www.eia.gov/petroleum/supply/weekly/schedule.php
2023-09-13 14:30:00,EIA,OFFICIAL_ARCHIVE_STANDARD_WEDNESDAY_1030_NY,https://www.eia.gov/petroleum/supply/weekly/archive/2023/2023_09_13/wpsr_2023_09_13.php,https://www.eia.gov/petroleum/supply/weekly/schedule.php
2023-09-20 14:30:00,EIA,OFFICIAL_ARCHIVE_STANDARD_WEDNESDAY_1030_NY,https://www.eia.gov/petroleum/supply/weekly/archive/2023/2023_09_20/wpsr_2023_09_20.php,https://www.eia.gov/petroleum/supply/weekly/schedule.php
2023-09-27 14:30:00,EIA,OFFICIAL_ARCHIVE_STANDARD_WEDNESDAY_1030_NY,https://www.eia.gov/petroleum/supply/weekly/archive/2023/2023_09_27/wpsr_2023_09_27.php,https://www.eia.gov/petroleum/supply/weekly/schedule.php
2023-10-04 14:30:00,EIA,OFFICIAL_ARCHIVE_STANDARD_WEDNESDAY_1030_NY,https://www.eia.gov/petroleum/supply/weekly/archive/2023/2023_10_04/wpsr_2023_10_04.php,https://www.eia.gov/petroleum/supply/weekly/schedule.php
2023-10-18 14:30:00,EIA,OFFICIAL_ARCHIVE_STANDARD_WEDNESDAY_1030_NY,https://www.eia.gov/petroleum/supply/weekly/archive/2023/2023_10_18/wpsr_2023_10_18.php,https://www.eia.gov/petroleum/supply/weekly/schedule.php
2023-10-25 14:30:00,EIA,OFFICIAL_ARCHIVE_STANDARD_WEDNESDAY_1030_NY,https://www.eia.gov/petroleum/supply/weekly/archive/2023/2023_10_25/wpsr_2023_10_25.php,https://www.eia.gov/petroleum/supply/weekly/schedule.php
2023-11-01 14:30:00,EIA,OFFICIAL_ARCHIVE_STANDARD_WEDNESDAY_1030_NY,https://www.eia.gov/petroleum/supply/weekly/archive/2023/2023_11_01/wpsr_2023_11_01.php,https://www.eia.gov/petroleum/supply/weekly/schedule.php
2023-11-15 15:30:00,EIA,OFFICIAL_ARCHIVE_STANDARD_WEDNESDAY_1030_NY,https://www.eia.gov/petroleum/supply/weekly/archive/2023/2023_11_15/wpsr_2023_11_15.php,https://www.eia.gov/petroleum/supply/weekly/schedule.php
2023-11-22 15:30:00,EIA,OFFICIAL_ARCHIVE_STANDARD_WEDNESDAY_1030_NY,https://www.eia.gov/petroleum/supply/weekly/archive/2023/2023_11_22/wpsr_2023_11_22.php,https://www.eia.gov/petroleum/supply/weekly/schedule.php
2023-11-29 15:30:00,EIA,OFFICIAL_ARCHIVE_STANDARD_WEDNESDAY_1030_NY,https://www.eia.gov/petroleum/supply/weekly/archive/2023/2023_11_29/wpsr_2023_11_29.php,https://www.eia.gov/petroleum/supply/weekly/schedule.php
2023-12-06 15:30:00,EIA,OFFICIAL_ARCHIVE_STANDARD_WEDNESDAY_1030_NY,https://www.eia.gov/petroleum/supply/weekly/archive/2023/2023_12_06/wpsr_2023_12_06.php,https://www.eia.gov/petroleum/supply/weekly/schedule.php
2023-12-13 15:30:00,EIA,OFFICIAL_ARCHIVE_STANDARD_WEDNESDAY_1030_NY,https://www.eia.gov/petroleum/supply/weekly/archive/2023/2023_12_13/wpsr_2023_12_13.php,https://www.eia.gov/petroleum/supply/weekly/schedule.php
2023-12-20 15:30:00,EIA,OFFICIAL_ARCHIVE_STANDARD_WEDNESDAY_1030_NY,https://www.eia.gov/petroleum/supply/weekly/archive/2023/2023_12_20/wpsr_2023_12_20.php,https://www.eia.gov/petroleum/supply/weekly/schedule.php
2024-01-10 15:30:00,EIA,OFFICIAL_ARCHIVE_STANDARD_WEDNESDAY_1030_NY,https://www.eia.gov/petroleum/supply/weekly/archive/2024/2024_01_10/wpsr_2024_01_10.php,https://www.eia.gov/petroleum/supply/weekly/schedule.php
2024-01-24 15:30:00,EIA,OFFICIAL_ARCHIVE_STANDARD_WEDNESDAY_1030_NY,https://www.eia.gov/petroleum/supply/weekly/archive/2024/2024_01_24/wpsr_2024_01_24.php,https://www.eia.gov/petroleum/supply/weekly/schedule.php
2024-01-31 15:30:00,EIA,OFFICIAL_ARCHIVE_STANDARD_WEDNESDAY_1030_NY,https://www.eia.gov/petroleum/supply/weekly/archive/2024/2024_01_31/wpsr_2024_01_31.php,https://www.eia.gov/petroleum/supply/weekly/schedule.php
2024-02-07 15:30:00,EIA,OFFICIAL_ARCHIVE_STANDARD_WEDNESDAY_1030_NY,https://www.eia.gov/petroleum/supply/weekly/archive/2024/2024_02_07/wpsr_2024_02_07.php,https://www.eia.gov/petroleum/supply/weekly/schedule.php
2024-02-14 15:30:00,EIA,OFFICIAL_ARCHIVE_STANDARD_WEDNESDAY_1030_NY,https://www.eia.gov/petroleum/supply/weekly/archive/2024/2024_02_14/wpsr_2024_02_14.php,https://www.eia.gov/petroleum/supply/weekly/schedule.php
2024-02-28 15:30:00,EIA,OFFICIAL_ARCHIVE_STANDARD_WEDNESDAY_1030_NY,https://www.eia.gov/petroleum/supply/weekly/archive/2024/2024_02_28/wpsr_2024_02_28.php,https://www.eia.gov/petroleum/supply/weekly/schedule.php
2024-03-06 15:30:00,EIA,OFFICIAL_ARCHIVE_STANDARD_WEDNESDAY_1030_NY,https://www.eia.gov/petroleum/supply/weekly/archive/2024/2024_03_06/wpsr_2024_03_06.php,https://www.eia.gov/petroleum/supply/weekly/schedule.php
2024-03-13 14:30:00,EIA,OFFICIAL_ARCHIVE_STANDARD_WEDNESDAY_1030_NY,https://www.eia.gov/petroleum/supply/weekly/archive/2024/2024_03_13/wpsr_2024_03_13.php,https://www.eia.gov/petroleum/supply/weekly/schedule.php
2024-03-20 14:30:00,EIA,OFFICIAL_ARCHIVE_STANDARD_WEDNESDAY_1030_NY,https://www.eia.gov/petroleum/supply/weekly/archive/2024/2024_03_20/wpsr_2024_03_20.php,https://www.eia.gov/petroleum/supply/weekly/schedule.php
2024-03-27 14:30:00,EIA,OFFICIAL_ARCHIVE_STANDARD_WEDNESDAY_1030_NY,https://www.eia.gov/petroleum/supply/weekly/archive/2024/2024_03_27/wpsr_2024_03_27.php,https://www.eia.gov/petroleum/supply/weekly/schedule.php
2024-04-03 14:30:00,EIA,OFFICIAL_ARCHIVE_STANDARD_WEDNESDAY_1030_NY,https://www.eia.gov/petroleum/supply/weekly/archive/2024/2024_04_03/wpsr_2024_04_03.php,https://www.eia.gov/petroleum/supply/weekly/schedule.php
2024-04-10 14:30:00,EIA,OFFICIAL_ARCHIVE_STANDARD_WEDNESDAY_1030_NY,https://www.eia.gov/petroleum/supply/weekly/archive/2024/2024_04_10/wpsr_2024_04_10.php,https://www.eia.gov/petroleum/supply/weekly/schedule.php
2024-04-17 14:30:00,EIA,OFFICIAL_ARCHIVE_STANDARD_WEDNESDAY_1030_NY,https://www.eia.gov/petroleum/supply/weekly/archive/2024/2024_04_17/wpsr_2024_04_17.php,https://www.eia.gov/petroleum/supply/weekly/schedule.php
2024-04-24 14:30:00,EIA,OFFICIAL_ARCHIVE_STANDARD_WEDNESDAY_1030_NY,https://www.eia.gov/petroleum/supply/weekly/archive/2024/2024_04_24/wpsr_2024_04_24.php,https://www.eia.gov/petroleum/supply/weekly/schedule.php
2024-05-01 14:30:00,EIA,OFFICIAL_ARCHIVE_STANDARD_WEDNESDAY_1030_NY,https://www.eia.gov/petroleum/supply/weekly/archive/2024/2024_05_01/wpsr_2024_05_01.php,https://www.eia.gov/petroleum/supply/weekly/schedule.php
2024-05-08 14:30:00,EIA,OFFICIAL_ARCHIVE_STANDARD_WEDNESDAY_1030_NY,https://www.eia.gov/petroleum/supply/weekly/archive/2024/2024_05_08/wpsr_2024_05_08.php,https://www.eia.gov/petroleum/supply/weekly/schedule.php
2024-05-15 14:30:00,EIA,OFFICIAL_ARCHIVE_STANDARD_WEDNESDAY_1030_NY,https://www.eia.gov/petroleum/supply/weekly/archive/2024/2024_05_15/wpsr_2024_05_15.php,https://www.eia.gov/petroleum/supply/weekly/schedule.php
2024-05-22 14:30:00,EIA,OFFICIAL_ARCHIVE_STANDARD_WEDNESDAY_1030_NY,https://www.eia.gov/petroleum/supply/weekly/archive/2024/2024_05_22/wpsr_2024_05_22.php,https://www.eia.gov/petroleum/supply/weekly/schedule.php
2024-06-05 14:30:00,EIA,OFFICIAL_ARCHIVE_STANDARD_WEDNESDAY_1030_NY,https://www.eia.gov/petroleum/supply/weekly/archive/2024/2024_06_05/wpsr_2024_06_05.php,https://www.eia.gov/petroleum/supply/weekly/schedule.php
2024-06-12 14:30:00,EIA,OFFICIAL_ARCHIVE_STANDARD_WEDNESDAY_1030_NY,https://www.eia.gov/petroleum/supply/weekly/archive/2024/2024_06_12/wpsr_2024_06_12.php,https://www.eia.gov/petroleum/supply/weekly/schedule.php
2024-06-26 14:30:00,EIA,OFFICIAL_ARCHIVE_STANDARD_WEDNESDAY_1030_NY,https://www.eia.gov/petroleum/supply/weekly/archive/2024/2024_06_26/wpsr_2024_06_26.php,https://www.eia.gov/petroleum/supply/weekly/schedule.php
2024-07-03 14:30:00,EIA,OFFICIAL_ARCHIVE_STANDARD_WEDNESDAY_1030_NY,https://www.eia.gov/petroleum/supply/weekly/archive/2024/2024_07_03/wpsr_2024_07_03.php,https://www.eia.gov/petroleum/supply/weekly/schedule.php
2024-07-10 14:30:00,EIA,OFFICIAL_ARCHIVE_STANDARD_WEDNESDAY_1030_NY,https://www.eia.gov/petroleum/supply/weekly/archive/2024/2024_07_10/wpsr_2024_07_10.php,https://www.eia.gov/petroleum/supply/weekly/schedule.php
2024-07-17 14:30:00,EIA,OFFICIAL_ARCHIVE_STANDARD_WEDNESDAY_1030_NY,https://www.eia.gov/petroleum/supply/weekly/archive/2024/2024_07_17/wpsr_2024_07_17.php,https://www.eia.gov/petroleum/supply/weekly/schedule.php
2024-07-24 14:30:00,EIA,OFFICIAL_ARCHIVE_STANDARD_WEDNESDAY_1030_NY,https://www.eia.gov/petroleum/supply/weekly/archive/2024/2024_07_24/wpsr_2024_07_24.php,https://www.eia.gov/petroleum/supply/weekly/schedule.php
2024-07-31 14:30:00,EIA,OFFICIAL_ARCHIVE_STANDARD_WEDNESDAY_1030_NY,https://www.eia.gov/petroleum/supply/weekly/archive/2024/2024_07_31/wpsr_2024_07_31.php,https://www.eia.gov/petroleum/supply/weekly/schedule.php
2024-08-07 14:30:00,EIA,OFFICIAL_ARCHIVE_STANDARD_WEDNESDAY_1030_NY,https://www.eia.gov/petroleum/supply/weekly/archive/2024/2024_08_07/wpsr_2024_08_07.php,https://www.eia.gov/petroleum/supply/weekly/schedule.php
2024-08-14 14:30:00,EIA,OFFICIAL_ARCHIVE_STANDARD_WEDNESDAY_1030_NY,https://www.eia.gov/petroleum/supply/weekly/archive/2024/2024_08_14/wpsr_2024_08_14.php,https://www.eia.gov/petroleum/supply/weekly/schedule.php
2024-08-21 14:30:00,EIA,OFFICIAL_ARCHIVE_STANDARD_WEDNESDAY_1030_NY,https://www.eia.gov/petroleum/supply/weekly/archive/2024/2024_08_21/wpsr_2024_08_21.php,https://www.eia.gov/petroleum/supply/weekly/schedule.php
2024-08-28 14:30:00,EIA,OFFICIAL_ARCHIVE_STANDARD_WEDNESDAY_1030_NY,https://www.eia.gov/petroleum/supply/weekly/archive/2024/2024_08_28/wpsr_2024_08_28.php,https://www.eia.gov/petroleum/supply/weekly/schedule.php
2024-09-11 14:30:00,EIA,OFFICIAL_ARCHIVE_STANDARD_WEDNESDAY_1030_NY,https://www.eia.gov/petroleum/supply/weekly/archive/2024/2024_09_11/wpsr_2024_09_11.php,https://www.eia.gov/petroleum/supply/weekly/schedule.php
2024-09-18 14:30:00,EIA,OFFICIAL_ARCHIVE_STANDARD_WEDNESDAY_1030_NY,https://www.eia.gov/petroleum/supply/weekly/archive/2024/2024_09_18/wpsr_2024_09_18.php,https://www.eia.gov/petroleum/supply/weekly/schedule.php
2024-09-25 14:30:00,EIA,OFFICIAL_ARCHIVE_STANDARD_WEDNESDAY_1030_NY,https://www.eia.gov/petroleum/supply/weekly/archive/2024/2024_09_25/wpsr_2024_09_25.php,https://www.eia.gov/petroleum/supply/weekly/schedule.php
2024-10-02 14:30:00,EIA,OFFICIAL_ARCHIVE_STANDARD_WEDNESDAY_1030_NY,https://www.eia.gov/petroleum/supply/weekly/archive/2024/2024_10_02/wpsr_2024_10_02.php,https://www.eia.gov/petroleum/supply/weekly/schedule.php
2024-10-09 14:30:00,EIA,OFFICIAL_ARCHIVE_STANDARD_WEDNESDAY_1030_NY,https://www.eia.gov/petroleum/supply/weekly/archive/2024/2024_10_09/wpsr_2024_10_09.php,https://www.eia.gov/petroleum/supply/weekly/schedule.php
2024-10-23 14:30:00,EIA,OFFICIAL_ARCHIVE_STANDARD_WEDNESDAY_1030_NY,https://www.eia.gov/petroleum/supply/weekly/archive/2024/2024_10_23/wpsr_2024_10_23.php,https://www.eia.gov/petroleum/supply/weekly/schedule.php
2024-10-30 14:30:00,EIA,OFFICIAL_ARCHIVE_STANDARD_WEDNESDAY_1030_NY,https://www.eia.gov/petroleum/supply/weekly/archive/2024/2024_10_30/wpsr_2024_10_30.php,https://www.eia.gov/petroleum/supply/weekly/schedule.php
2024-11-06 15:30:00,EIA,OFFICIAL_ARCHIVE_STANDARD_WEDNESDAY_1030_NY,https://www.eia.gov/petroleum/supply/weekly/archive/2024/2024_11_06/wpsr_2024_11_06.php,https://www.eia.gov/petroleum/supply/weekly/schedule.php
2024-11-20 15:30:00,EIA,OFFICIAL_ARCHIVE_STANDARD_WEDNESDAY_1030_NY,https://www.eia.gov/petroleum/supply/weekly/archive/2024/2024_11_20/wpsr_2024_11_20.php,https://www.eia.gov/petroleum/supply/weekly/schedule.php
2024-11-27 15:30:00,EIA,OFFICIAL_ARCHIVE_STANDARD_WEDNESDAY_1030_NY,https://www.eia.gov/petroleum/supply/weekly/archive/2024/2024_11_27/wpsr_2024_11_27.php,https://www.eia.gov/petroleum/supply/weekly/schedule.php
2024-12-04 15:30:00,EIA,OFFICIAL_ARCHIVE_STANDARD_WEDNESDAY_1030_NY,https://www.eia.gov/petroleum/supply/weekly/archive/2024/2024_12_04/wpsr_2024_12_04.php,https://www.eia.gov/petroleum/supply/weekly/schedule.php
2024-12-11 15:30:00,EIA,OFFICIAL_ARCHIVE_STANDARD_WEDNESDAY_1030_NY,https://www.eia.gov/petroleum/supply/weekly/archive/2024/2024_12_11/wpsr_2024_12_11.php,https://www.eia.gov/petroleum/supply/weekly/schedule.php
2024-12-18 15:30:00,EIA,OFFICIAL_ARCHIVE_STANDARD_WEDNESDAY_1030_NY,https://www.eia.gov/petroleum/supply/weekly/archive/2024/2024_12_18/wpsr_2024_12_18.php,https://www.eia.gov/petroleum/supply/weekly/schedule.php
2025-01-08 15:30:00,EIA,OFFICIAL_ARCHIVE_STANDARD_WEDNESDAY_1030_NY,https://www.eia.gov/petroleum/supply/weekly/archive/2025/2025_01_08/wpsr_2025_01_08.php,https://www.eia.gov/petroleum/supply/weekly/schedule.php
2025-01-15 15:30:00,EIA,OFFICIAL_ARCHIVE_STANDARD_WEDNESDAY_1030_NY,https://www.eia.gov/petroleum/supply/weekly/archive/2025/2025_01_15/wpsr_2025_01_15.php,https://www.eia.gov/petroleum/supply/weekly/schedule.php
2025-01-29 15:30:00,EIA,OFFICIAL_ARCHIVE_STANDARD_WEDNESDAY_1030_NY,https://www.eia.gov/petroleum/supply/weekly/archive/2025/2025_01_29/wpsr_2025_01_29.php,https://www.eia.gov/petroleum/supply/weekly/schedule.php
2025-02-05 15:30:00,EIA,OFFICIAL_ARCHIVE_STANDARD_WEDNESDAY_1030_NY,https://www.eia.gov/petroleum/supply/weekly/archive/2025/2025_02_05/wpsr_2025_02_05.php,https://www.eia.gov/petroleum/supply/weekly/schedule.php
2025-02-12 15:30:00,EIA,OFFICIAL_ARCHIVE_STANDARD_WEDNESDAY_1030_NY,https://www.eia.gov/petroleum/supply/weekly/archive/2025/2025_02_12/wpsr_2025_02_12.php,https://www.eia.gov/petroleum/supply/weekly/schedule.php
2025-02-26 15:30:00,EIA,OFFICIAL_ARCHIVE_STANDARD_WEDNESDAY_1030_NY,https://www.eia.gov/petroleum/supply/weekly/archive/2025/2025_02_26/wpsr_2025_02_26.php,https://www.eia.gov/petroleum/supply/weekly/schedule.php
2025-03-05 15:30:00,EIA,OFFICIAL_ARCHIVE_STANDARD_WEDNESDAY_1030_NY,https://www.eia.gov/petroleum/supply/weekly/archive/2025/2025_03_05/wpsr_2025_03_05.php,https://www.eia.gov/petroleum/supply/weekly/schedule.php
2025-03-12 14:30:00,EIA,OFFICIAL_ARCHIVE_STANDARD_WEDNESDAY_1030_NY,https://www.eia.gov/petroleum/supply/weekly/archive/2025/2025_03_12/wpsr_2025_03_12.php,https://www.eia.gov/petroleum/supply/weekly/schedule.php
2025-03-19 14:30:00,EIA,OFFICIAL_ARCHIVE_STANDARD_WEDNESDAY_1030_NY,https://www.eia.gov/petroleum/supply/weekly/archive/2025/2025_03_19/wpsr_2025_03_19.php,https://www.eia.gov/petroleum/supply/weekly/schedule.php
2025-03-26 14:30:00,EIA,OFFICIAL_ARCHIVE_STANDARD_WEDNESDAY_1030_NY,https://www.eia.gov/petroleum/supply/weekly/archive/2025/2025_03_26/wpsr_2025_03_26.php,https://www.eia.gov/petroleum/supply/weekly/schedule.php
2025-04-02 14:30:00,EIA,OFFICIAL_ARCHIVE_STANDARD_WEDNESDAY_1030_NY,https://www.eia.gov/petroleum/supply/weekly/archive/2025/2025_04_02/wpsr_2025_04_02.php,https://www.eia.gov/petroleum/supply/weekly/schedule.php
2025-04-09 14:30:00,EIA,OFFICIAL_ARCHIVE_STANDARD_WEDNESDAY_1030_NY,https://www.eia.gov/petroleum/supply/weekly/archive/2025/2025_04_09/wpsr_2025_04_09.php,https://www.eia.gov/petroleum/supply/weekly/schedule.php
2025-04-16 14:30:00,EIA,OFFICIAL_ARCHIVE_STANDARD_WEDNESDAY_1030_NY,https://www.eia.gov/petroleum/supply/weekly/archive/2025/2025_04_16/wpsr_2025_04_16.php,https://www.eia.gov/petroleum/supply/weekly/schedule.php
2025-04-23 14:30:00,EIA,OFFICIAL_ARCHIVE_STANDARD_WEDNESDAY_1030_NY,https://www.eia.gov/petroleum/supply/weekly/archive/2025/2025_04_23/wpsr_2025_04_23.php,https://www.eia.gov/petroleum/supply/weekly/schedule.php
2025-04-30 14:30:00,EIA,OFFICIAL_ARCHIVE_STANDARD_WEDNESDAY_1030_NY,https://www.eia.gov/petroleum/supply/weekly/archive/2025/2025_04_30/wpsr_2025_04_30.php,https://www.eia.gov/petroleum/supply/weekly/schedule.php
2025-05-07 14:30:00,EIA,OFFICIAL_ARCHIVE_STANDARD_WEDNESDAY_1030_NY,https://www.eia.gov/petroleum/supply/weekly/archive/2025/2025_05_07/wpsr_2025_05_07.php,https://www.eia.gov/petroleum/supply/weekly/schedule.php
2025-05-14 14:30:00,EIA,OFFICIAL_ARCHIVE_STANDARD_WEDNESDAY_1030_NY,https://www.eia.gov/petroleum/supply/weekly/archive/2025/2025_05_14/wpsr_2025_05_14.php,https://www.eia.gov/petroleum/supply/weekly/schedule.php
2025-05-21 14:30:00,EIA,OFFICIAL_ARCHIVE_STANDARD_WEDNESDAY_1030_NY,https://www.eia.gov/petroleum/supply/weekly/archive/2025/2025_05_21/wpsr_2025_05_21.php,https://www.eia.gov/petroleum/supply/weekly/schedule.php
2025-06-04 14:30:00,EIA,OFFICIAL_ARCHIVE_STANDARD_WEDNESDAY_1030_NY,https://www.eia.gov/petroleum/supply/weekly/archive/2025/2025_06_04/wpsr_2025_06_04.php,https://www.eia.gov/petroleum/supply/weekly/schedule.php
2025-06-11 14:30:00,EIA,OFFICIAL_ARCHIVE_STANDARD_WEDNESDAY_1030_NY,https://www.eia.gov/petroleum/supply/weekly/archive/2025/2025_06_11/wpsr_2025_06_11.php,https://www.eia.gov/petroleum/supply/weekly/schedule.php
2025-06-18 14:30:00,EIA,OFFICIAL_ARCHIVE_STANDARD_WEDNESDAY_1030_NY,https://www.eia.gov/petroleum/supply/weekly/archive/2025/2025_06_18/wpsr_2025_06_18.php,https://www.eia.gov/petroleum/supply/weekly/schedule.php
2025-06-25 14:30:00,EIA,OFFICIAL_ARCHIVE_STANDARD_WEDNESDAY_1030_NY,https://www.eia.gov/petroleum/supply/weekly/archive/2025/2025_06_25/wpsr_2025_06_25.php,https://www.eia.gov/petroleum/supply/weekly/schedule.php
2025-07-02 14:30:00,EIA,OFFICIAL_ARCHIVE_STANDARD_WEDNESDAY_1030_NY,https://www.eia.gov/petroleum/supply/weekly/archive/2025/2025_07_02/wpsr_2025_07_02.php,https://www.eia.gov/petroleum/supply/weekly/schedule.php
2025-07-09 14:30:00,EIA,OFFICIAL_ARCHIVE_STANDARD_WEDNESDAY_1030_NY,https://www.eia.gov/petroleum/supply/weekly/archive/2025/2025_07_09/wpsr_2025_07_09.php,https://www.eia.gov/petroleum/supply/weekly/schedule.php
2025-07-16 14:30:00,EIA,OFFICIAL_ARCHIVE_STANDARD_WEDNESDAY_1030_NY,https://www.eia.gov/petroleum/supply/weekly/archive/2025/2025_07_16/wpsr_2025_07_16.php,https://www.eia.gov/petroleum/supply/weekly/schedule.php
2025-07-23 14:30:00,EIA,OFFICIAL_ARCHIVE_STANDARD_WEDNESDAY_1030_NY,https://www.eia.gov/petroleum/supply/weekly/archive/2025/2025_07_23/wpsr_2025_07_23.php,https://www.eia.gov/petroleum/supply/weekly/schedule.php
2025-07-30 14:30:00,EIA,OFFICIAL_ARCHIVE_STANDARD_WEDNESDAY_1030_NY,https://www.eia.gov/petroleum/supply/weekly/archive/2025/2025_07_30/wpsr_2025_07_30.php,https://www.eia.gov/petroleum/supply/weekly/schedule.php
2025-08-06 14:30:00,EIA,OFFICIAL_ARCHIVE_STANDARD_WEDNESDAY_1030_NY,https://www.eia.gov/petroleum/supply/weekly/archive/2025/2025_08_06/wpsr_2025_08_06.php,https://www.eia.gov/petroleum/supply/weekly/schedule.php
2025-08-13 14:30:00,EIA,OFFICIAL_ARCHIVE_STANDARD_WEDNESDAY_1030_NY,https://www.eia.gov/petroleum/supply/weekly/archive/2025/2025_08_13/wpsr_2025_08_13.php,https://www.eia.gov/petroleum/supply/weekly/schedule.php
2025-08-20 14:30:00,EIA,OFFICIAL_ARCHIVE_STANDARD_WEDNESDAY_1030_NY,https://www.eia.gov/petroleum/supply/weekly/archive/2025/2025_08_20/wpsr_2025_08_20.php,https://www.eia.gov/petroleum/supply/weekly/schedule.php
2025-08-27 14:30:00,EIA,OFFICIAL_ARCHIVE_STANDARD_WEDNESDAY_1030_NY,https://www.eia.gov/petroleum/supply/weekly/archive/2025/2025_08_27/wpsr_2025_08_27.php,https://www.eia.gov/petroleum/supply/weekly/schedule.php
2025-09-10 14:30:00,EIA,OFFICIAL_ARCHIVE_STANDARD_WEDNESDAY_1030_NY,https://www.eia.gov/petroleum/supply/weekly/archive/2025/2025_09_10/wpsr_2025_09_10.php,https://www.eia.gov/petroleum/supply/weekly/schedule.php
2025-09-17 14:30:00,EIA,OFFICIAL_ARCHIVE_STANDARD_WEDNESDAY_1030_NY,https://www.eia.gov/petroleum/supply/weekly/archive/2025/2025_09_17/wpsr_2025_09_17.php,https://www.eia.gov/petroleum/supply/weekly/schedule.php
2025-09-24 14:30:00,EIA,OFFICIAL_ARCHIVE_STANDARD_WEDNESDAY_1030_NY,https://www.eia.gov/petroleum/supply/weekly/archive/2025/2025_09_24/wpsr_2025_09_24.php,https://www.eia.gov/petroleum/supply/weekly/schedule.php
2025-10-01 14:30:00,EIA,OFFICIAL_ARCHIVE_STANDARD_WEDNESDAY_1030_NY,https://www.eia.gov/petroleum/supply/weekly/archive/2025/2025_10_01/wpsr_2025_10_01.php,https://www.eia.gov/petroleum/supply/weekly/schedule.php
2025-10-08 14:30:00,EIA,OFFICIAL_ARCHIVE_STANDARD_WEDNESDAY_1030_NY,https://www.eia.gov/petroleum/supply/weekly/archive/2025/2025_10_08/wpsr_2025_10_08.php,https://www.eia.gov/petroleum/supply/weekly/schedule.php
2025-10-22 14:30:00,EIA,OFFICIAL_ARCHIVE_STANDARD_WEDNESDAY_1030_NY,https://www.eia.gov/petroleum/supply/weekly/archive/2025/2025_10_22/wpsr_2025_10_22.php,https://www.eia.gov/petroleum/supply/weekly/schedule.php
2025-10-29 14:30:00,EIA,OFFICIAL_ARCHIVE_STANDARD_WEDNESDAY_1030_NY,https://www.eia.gov/petroleum/supply/weekly/archive/2025/2025_10_29/wpsr_2025_10_29.php,https://www.eia.gov/petroleum/supply/weekly/schedule.php
2025-11-05 15:30:00,EIA,OFFICIAL_ARCHIVE_STANDARD_WEDNESDAY_1030_NY,https://www.eia.gov/petroleum/supply/weekly/archive/2025/2025_11_05/wpsr_2025_11_05.php,https://www.eia.gov/petroleum/supply/weekly/schedule.php
2025-11-19 15:30:00,EIA,OFFICIAL_ARCHIVE_STANDARD_WEDNESDAY_1030_NY,https://www.eia.gov/petroleum/supply/weekly/archive/2025/2025_11_19/wpsr_2025_11_19.php,https://www.eia.gov/petroleum/supply/weekly/schedule.php
2025-11-26 15:30:00,EIA,OFFICIAL_ARCHIVE_STANDARD_WEDNESDAY_1030_NY,https://www.eia.gov/petroleum/supply/weekly/archive/2025/2025_11_26/wpsr_2025_11_26.php,https://www.eia.gov/petroleum/supply/weekly/schedule.php
2025-12-03 15:30:00,EIA,OFFICIAL_ARCHIVE_STANDARD_WEDNESDAY_1030_NY,https://www.eia.gov/petroleum/supply/weekly/archive/2025/2025_12_03/wpsr_2025_12_03.php,https://www.eia.gov/petroleum/supply/weekly/schedule.php
2025-12-10 15:30:00,EIA,OFFICIAL_ARCHIVE_STANDARD_WEDNESDAY_1030_NY,https://www.eia.gov/petroleum/supply/weekly/archive/2025/2025_12_10/wpsr_2025_12_10.php,https://www.eia.gov/petroleum/supply/weekly/schedule.php
2025-12-17 15:30:00,EIA,OFFICIAL_ARCHIVE_STANDARD_WEDNESDAY_1030_NY,https://www.eia.gov/petroleum/supply/weekly/archive/2025/2025_12_17/wpsr_2025_12_17.php,https://www.eia.gov/petroleum/supply/weekly/schedule.php
2025-12-31 15:30:00,EIA,OFFICIAL_ARCHIVE_STANDARD_WEDNESDAY_1030_NY,https://www.eia.gov/petroleum/supply/weekly/archive/2025/2025_12_31/wpsr_2025_12_31.php,https://www.eia.gov/petroleum/supply/weekly/schedule.php
2018-01-04,EIA_EXCLUDED,NON_STANDARD_RELEASE_EXACT_TIME_NOT_PROVEN,https://www.eia.gov/petroleum/supply/weekly/archive/2018/2018_01_04/wpsr_2018_01_04.php,https://www.eia.gov/petroleum/supply/weekly/schedule.php
2018-01-18,EIA_EXCLUDED,NON_STANDARD_RELEASE_EXACT_TIME_NOT_PROVEN,https://www.eia.gov/petroleum/supply/weekly/archive/2018/2018_01_18/wpsr_2018_01_18.php,https://www.eia.gov/petroleum/supply/weekly/schedule.php
2018-02-22,EIA_EXCLUDED,NON_STANDARD_RELEASE_EXACT_TIME_NOT_PROVEN,https://www.eia.gov/petroleum/supply/weekly/archive/2018/2018_02_22/wpsr_2018_02_22.php,https://www.eia.gov/petroleum/supply/weekly/schedule.php
2018-05-31,EIA_EXCLUDED,NON_STANDARD_RELEASE_EXACT_TIME_NOT_PROVEN,https://www.eia.gov/petroleum/supply/weekly/archive/2018/2018_05_31/wpsr_2018_05_31.php,https://www.eia.gov/petroleum/supply/weekly/schedule.php
2018-07-05,EIA_EXCLUDED,NON_STANDARD_RELEASE_EXACT_TIME_NOT_PROVEN,https://www.eia.gov/petroleum/supply/weekly/archive/2018/2018_07_05/wpsr_2018_07_05.php,https://www.eia.gov/petroleum/supply/weekly/schedule.php
2018-09-06,EIA_EXCLUDED,NON_STANDARD_RELEASE_EXACT_TIME_NOT_PROVEN,https://www.eia.gov/petroleum/supply/weekly/archive/2018/2018_09_06/wpsr_2018_09_06.php,https://www.eia.gov/petroleum/supply/weekly/schedule.php
2018-10-11,EIA_EXCLUDED,NON_STANDARD_RELEASE_EXACT_TIME_NOT_PROVEN,https://www.eia.gov/petroleum/supply/weekly/archive/2018/2018_10_11/wpsr_2018_10_11.php,https://www.eia.gov/petroleum/supply/weekly/schedule.php
2018-11-15,EIA_EXCLUDED,NON_STANDARD_RELEASE_EXACT_TIME_NOT_PROVEN,https://www.eia.gov/petroleum/supply/weekly/archive/2018/2018_11_15/wpsr_2018_11_15.php,https://www.eia.gov/petroleum/supply/weekly/schedule.php
2018-12-06,EIA_EXCLUDED,NON_STANDARD_RELEASE_EXACT_TIME_NOT_PROVEN,https://www.eia.gov/petroleum/supply/weekly/archive/2018/2018_12_06/wpsr_2018_12_06.php,https://www.eia.gov/petroleum/supply/weekly/schedule.php
2018-12-28,EIA_EXCLUDED,NON_STANDARD_RELEASE_EXACT_TIME_NOT_PROVEN,https://www.eia.gov/petroleum/supply/weekly/archive/2018/2018_12_28/wpsr_2018_12_28.php,https://www.eia.gov/petroleum/supply/weekly/schedule.php
2019-01-04,EIA_EXCLUDED,NON_STANDARD_RELEASE_EXACT_TIME_NOT_PROVEN,https://www.eia.gov/petroleum/supply/weekly/archive/2019/2019_01_04/wpsr_2019_01_04.php,https://www.eia.gov/petroleum/supply/weekly/schedule.php
2019-01-24,EIA_EXCLUDED,NON_STANDARD_RELEASE_EXACT_TIME_NOT_PROVEN,https://www.eia.gov/petroleum/supply/weekly/archive/2019/2019_01_24/wpsr_2019_01_24.php,https://www.eia.gov/petroleum/supply/weekly/schedule.php
2019-02-21,EIA_EXCLUDED,NON_STANDARD_RELEASE_EXACT_TIME_NOT_PROVEN,https://www.eia.gov/petroleum/supply/weekly/archive/2019/2019_02_21/wpsr_2019_02_21.php,https://www.eia.gov/petroleum/supply/weekly/schedule.php
2019-05-30,EIA_EXCLUDED,NON_STANDARD_RELEASE_EXACT_TIME_NOT_PROVEN,https://www.eia.gov/petroleum/supply/weekly/archive/2019/2019_05_30/wpsr_2019_05_30.php,https://www.eia.gov/petroleum/supply/weekly/schedule.php
2019-09-05,EIA_EXCLUDED,NON_STANDARD_RELEASE_EXACT_TIME_NOT_PROVEN,https://www.eia.gov/petroleum/supply/weekly/archive/2019/2019_09_05/wpsr_2019_09_05.php,https://www.eia.gov/petroleum/supply/weekly/schedule.php
2019-10-17,EIA_EXCLUDED,NON_STANDARD_RELEASE_EXACT_TIME_NOT_PROVEN,https://www.eia.gov/petroleum/supply/weekly/archive/2019/2019_10_17/wpsr_2019_10_17.php,https://www.eia.gov/petroleum/supply/weekly/schedule.php
2019-11-14,EIA_EXCLUDED,NON_STANDARD_RELEASE_EXACT_TIME_NOT_PROVEN,https://www.eia.gov/petroleum/supply/weekly/archive/2019/2019_11_14/wpsr_2019_11_14.php,https://www.eia.gov/petroleum/supply/weekly/schedule.php
2019-12-27,EIA_EXCLUDED,NON_STANDARD_RELEASE_EXACT_TIME_NOT_PROVEN,https://www.eia.gov/petroleum/supply/weekly/archive/2019/2019_12_27/wpsr_2019_12_27.php,https://www.eia.gov/petroleum/supply/weekly/schedule.php
2020-01-03,EIA_EXCLUDED,NON_STANDARD_RELEASE_EXACT_TIME_NOT_PROVEN,https://www.eia.gov/petroleum/supply/weekly/archive/2020/2020_01_03/wpsr_2020_01_03.php,https://www.eia.gov/petroleum/supply/weekly/schedule.php
2020-01-23,EIA_EXCLUDED,NON_STANDARD_RELEASE_EXACT_TIME_NOT_PROVEN,https://www.eia.gov/petroleum/supply/weekly/archive/2020/2020_01_23/wpsr_2020_01_23.php,https://www.eia.gov/petroleum/supply/weekly/schedule.php
2020-02-20,EIA_EXCLUDED,NON_STANDARD_RELEASE_EXACT_TIME_NOT_PROVEN,https://www.eia.gov/petroleum/supply/weekly/archive/2020/2020_02_20/wpsr_2020_02_20.php,https://www.eia.gov/petroleum/supply/weekly/schedule.php
2020-05-28,EIA_EXCLUDED,NON_STANDARD_RELEASE_EXACT_TIME_NOT_PROVEN,https://www.eia.gov/petroleum/supply/weekly/archive/2020/2020_05_28/wpsr_2020_05_28.php,https://www.eia.gov/petroleum/supply/weekly/schedule.php
2020-09-10,EIA_EXCLUDED,NON_STANDARD_RELEASE_EXACT_TIME_NOT_PROVEN,https://www.eia.gov/petroleum/supply/weekly/archive/2020/2020_09_10/wpsr_2020_09_10.php,https://www.eia.gov/petroleum/supply/weekly/schedule.php
2020-10-15,EIA_EXCLUDED,NON_STANDARD_RELEASE_EXACT_TIME_NOT_PROVEN,https://www.eia.gov/petroleum/supply/weekly/archive/2020/2020_10_15/wpsr_2020_10_15.php,https://www.eia.gov/petroleum/supply/weekly/schedule.php
2020-11-12,EIA_EXCLUDED,NON_STANDARD_RELEASE_EXACT_TIME_NOT_PROVEN,https://www.eia.gov/petroleum/supply/weekly/archive/2020/2020_11_12/wpsr_2020_11_12.php,https://www.eia.gov/petroleum/supply/weekly/schedule.php
2021-01-22,EIA_EXCLUDED,NON_STANDARD_RELEASE_EXACT_TIME_NOT_PROVEN,https://www.eia.gov/petroleum/supply/weekly/archive/2021/2021_01_22/wpsr_2021_01_22.php,https://www.eia.gov/petroleum/supply/weekly/schedule.php
2021-02-18,EIA_EXCLUDED,NON_STANDARD_RELEASE_EXACT_TIME_NOT_PROVEN,https://www.eia.gov/petroleum/supply/weekly/archive/2021/2021_02_18/wpsr_2021_02_18.php,https://www.eia.gov/petroleum/supply/weekly/schedule.php
2021-06-03,EIA_EXCLUDED,NON_STANDARD_RELEASE_EXACT_TIME_NOT_PROVEN,https://www.eia.gov/petroleum/supply/weekly/archive/2021/2021_06_03/wpsr_2021_06_03.php,https://www.eia.gov/petroleum/supply/weekly/schedule.php
2021-07-08,EIA_EXCLUDED,NON_STANDARD_RELEASE_EXACT_TIME_NOT_PROVEN,https://www.eia.gov/petroleum/supply/weekly/archive/2021/2021_07_08/wpsr_2021_07_08.php,https://www.eia.gov/petroleum/supply/weekly/schedule.php
2021-09-09,EIA_EXCLUDED,NON_STANDARD_RELEASE_EXACT_TIME_NOT_PROVEN,https://www.eia.gov/petroleum/supply/weekly/archive/2021/2021_09_09/wpsr_2021_09_09.php,https://www.eia.gov/petroleum/supply/weekly/schedule.php
2021-10-14,EIA_EXCLUDED,NON_STANDARD_RELEASE_EXACT_TIME_NOT_PROVEN,https://www.eia.gov/petroleum/supply/weekly/archive/2021/2021_10_14/wpsr_2021_10_14.php,https://www.eia.gov/petroleum/supply/weekly/schedule.php
2022-01-20,EIA_EXCLUDED,NON_STANDARD_RELEASE_EXACT_TIME_NOT_PROVEN,https://www.eia.gov/petroleum/supply/weekly/archive/2022/2022_01_20/wpsr_2022_01_20.php,https://www.eia.gov/petroleum/supply/weekly/schedule.php
2022-02-24,EIA_EXCLUDED,NON_STANDARD_RELEASE_EXACT_TIME_NOT_PROVEN,https://www.eia.gov/petroleum/supply/weekly/archive/2022/2022_02_24/wpsr_2022_02_24.php,https://www.eia.gov/petroleum/supply/weekly/schedule.php
2022-06-02,EIA_EXCLUDED,NON_STANDARD_RELEASE_EXACT_TIME_NOT_PROVEN,https://www.eia.gov/petroleum/supply/weekly/archive/2022/2022_06_02/wpsr_2022_06_02.php,https://www.eia.gov/petroleum/supply/weekly/schedule.php
2022-07-07,EIA_EXCLUDED,NON_STANDARD_RELEASE_EXACT_TIME_NOT_PROVEN,https://www.eia.gov/petroleum/supply/weekly/archive/2022/2022_07_07/wpsr_2022_07_07.php,https://www.eia.gov/petroleum/supply/weekly/schedule.php
2022-09-08,EIA_EXCLUDED,NON_STANDARD_RELEASE_EXACT_TIME_NOT_PROVEN,https://www.eia.gov/petroleum/supply/weekly/archive/2022/2022_09_08/wpsr_2022_09_08.php,https://www.eia.gov/petroleum/supply/weekly/schedule.php
2022-10-13,EIA_EXCLUDED,NON_STANDARD_RELEASE_EXACT_TIME_NOT_PROVEN,https://www.eia.gov/petroleum/supply/weekly/archive/2022/2022_10_13/wpsr_2022_10_13.php,https://www.eia.gov/petroleum/supply/weekly/schedule.php
2022-12-29,EIA_EXCLUDED,NON_STANDARD_RELEASE_EXACT_TIME_NOT_PROVEN,https://www.eia.gov/petroleum/supply/weekly/archive/2022/2022_12_29/wpsr_2022_12_29.php,https://www.eia.gov/petroleum/supply/weekly/schedule.php
2023-01-05,EIA_EXCLUDED,NON_STANDARD_RELEASE_EXACT_TIME_NOT_PROVEN,https://www.eia.gov/petroleum/supply/weekly/archive/2023/2023_01_05/wpsr_2023_01_05.php,https://www.eia.gov/petroleum/supply/weekly/schedule.php
2023-01-19,EIA_EXCLUDED,NON_STANDARD_RELEASE_EXACT_TIME_NOT_PROVEN,https://www.eia.gov/petroleum/supply/weekly/archive/2023/2023_01_19/wpsr_2023_01_19.php,https://www.eia.gov/petroleum/supply/weekly/schedule.php
2023-02-23,EIA_EXCLUDED,NON_STANDARD_RELEASE_EXACT_TIME_NOT_PROVEN,https://www.eia.gov/petroleum/supply/weekly/archive/2023/2023_02_23/wpsr_2023_02_23.php,https://www.eia.gov/petroleum/supply/weekly/schedule.php
2023-06-01,EIA_EXCLUDED,NON_STANDARD_RELEASE_EXACT_TIME_NOT_PROVEN,https://www.eia.gov/petroleum/supply/weekly/archive/2023/2023_06_01/wpsr_2023_06_01.php,https://www.eia.gov/petroleum/supply/weekly/schedule.php
2023-06-22,EIA_EXCLUDED,NON_STANDARD_RELEASE_EXACT_TIME_NOT_PROVEN,https://www.eia.gov/petroleum/supply/weekly/archive/2023/2023_06_22/wpsr_2023_06_22.php,https://www.eia.gov/petroleum/supply/weekly/schedule.php
2023-07-06,EIA_EXCLUDED,NON_STANDARD_RELEASE_EXACT_TIME_NOT_PROVEN,https://www.eia.gov/petroleum/supply/weekly/archive/2023/2023_07_06/wpsr_2023_07_06.php,https://www.eia.gov/petroleum/supply/weekly/schedule.php
2023-09-07,EIA_EXCLUDED,NON_STANDARD_RELEASE_EXACT_TIME_NOT_PROVEN,https://www.eia.gov/petroleum/supply/weekly/archive/2023/2023_09_07/wpsr_2023_09_07.php,https://www.eia.gov/petroleum/supply/weekly/schedule.php
2023-10-12,EIA_EXCLUDED,NON_STANDARD_RELEASE_EXACT_TIME_NOT_PROVEN,https://www.eia.gov/petroleum/supply/weekly/archive/2023/2023_10_12/wpsr_2023_10_12.php,https://www.eia.gov/petroleum/supply/weekly/schedule.php
2023-12-28,EIA_EXCLUDED,NON_STANDARD_RELEASE_EXACT_TIME_NOT_PROVEN,https://www.eia.gov/petroleum/supply/weekly/archive/2023/2023_12_28/wpsr_2023_12_28.php,https://www.eia.gov/petroleum/supply/weekly/schedule.php
2024-01-04,EIA_EXCLUDED,NON_STANDARD_RELEASE_EXACT_TIME_NOT_PROVEN,https://www.eia.gov/petroleum/supply/weekly/archive/2024/2024_01_04/wpsr_2024_01_04.php,https://www.eia.gov/petroleum/supply/weekly/schedule.php
2024-01-18,EIA_EXCLUDED,NON_STANDARD_RELEASE_EXACT_TIME_NOT_PROVEN,https://www.eia.gov/petroleum/supply/weekly/archive/2024/2024_01_18/wpsr_2024_01_18.php,https://www.eia.gov/petroleum/supply/weekly/schedule.php
2024-02-22,EIA_EXCLUDED,NON_STANDARD_RELEASE_EXACT_TIME_NOT_PROVEN,https://www.eia.gov/petroleum/supply/weekly/archive/2024/2024_02_22/wpsr_2024_02_22.php,https://www.eia.gov/petroleum/supply/weekly/schedule.php
2024-05-30,EIA_EXCLUDED,NON_STANDARD_RELEASE_EXACT_TIME_NOT_PROVEN,https://www.eia.gov/petroleum/supply/weekly/archive/2024/2024_05_30/wpsr_2024_05_30.php,https://www.eia.gov/petroleum/supply/weekly/schedule.php
2024-06-20,EIA_EXCLUDED,NON_STANDARD_RELEASE_EXACT_TIME_NOT_PROVEN,https://www.eia.gov/petroleum/supply/weekly/archive/2024/2024_06_20/wpsr_2024_06_20.php,https://www.eia.gov/petroleum/supply/weekly/schedule.php
2024-09-05,EIA_EXCLUDED,NON_STANDARD_RELEASE_EXACT_TIME_NOT_PROVEN,https://www.eia.gov/petroleum/supply/weekly/archive/2024/2024_09_05/wpsr_2024_09_05.php,https://www.eia.gov/petroleum/supply/weekly/schedule.php
2024-10-17,EIA_EXCLUDED,NON_STANDARD_RELEASE_EXACT_TIME_NOT_PROVEN,https://www.eia.gov/petroleum/supply/weekly/archive/2024/2024_10_17/wpsr_2024_10_17.php,https://www.eia.gov/petroleum/supply/weekly/schedule.php
2024-11-14,EIA_EXCLUDED,NON_STANDARD_RELEASE_EXACT_TIME_NOT_PROVEN,https://www.eia.gov/petroleum/supply/weekly/archive/2024/2024_11_14/wpsr_2024_11_14.php,https://www.eia.gov/petroleum/supply/weekly/schedule.php
2024-12-27,EIA_EXCLUDED,NON_STANDARD_RELEASE_EXACT_TIME_NOT_PROVEN,https://www.eia.gov/petroleum/supply/weekly/archive/2024/2024_12_27/wpsr_2024_12_27.php,https://www.eia.gov/petroleum/supply/weekly/schedule.php
2025-01-02,EIA_EXCLUDED,NON_STANDARD_RELEASE_EXACT_TIME_NOT_PROVEN,https://www.eia.gov/petroleum/supply/weekly/archive/2025/2025_01_02/wpsr_2025_01_02.php,https://www.eia.gov/petroleum/supply/weekly/schedule.php
2025-01-23,EIA_EXCLUDED,NON_STANDARD_RELEASE_EXACT_TIME_NOT_PROVEN,https://www.eia.gov/petroleum/supply/weekly/archive/2025/2025_01_23/wpsr_2025_01_23.php,https://www.eia.gov/petroleum/supply/weekly/schedule.php
2025-02-20,EIA_EXCLUDED,NON_STANDARD_RELEASE_EXACT_TIME_NOT_PROVEN,https://www.eia.gov/petroleum/supply/weekly/archive/2025/2025_02_20/wpsr_2025_02_20.php,https://www.eia.gov/petroleum/supply/weekly/schedule.php
2025-05-29,EIA_EXCLUDED,NON_STANDARD_RELEASE_EXACT_TIME_NOT_PROVEN,https://www.eia.gov/petroleum/supply/weekly/archive/2025/2025_05_29/wpsr_2025_05_29.php,https://www.eia.gov/petroleum/supply/weekly/schedule.php
2025-09-04,EIA_EXCLUDED,NON_STANDARD_RELEASE_EXACT_TIME_NOT_PROVEN,https://www.eia.gov/petroleum/supply/weekly/archive/2025/2025_09_04/wpsr_2025_09_04.php,https://www.eia.gov/petroleum/supply/weekly/schedule.php
2025-10-16,EIA_EXCLUDED,NON_STANDARD_RELEASE_EXACT_TIME_NOT_PROVEN,https://www.eia.gov/petroleum/supply/weekly/archive/2025/2025_10_16/wpsr_2025_10_16.php,https://www.eia.gov/petroleum/supply/weekly/schedule.php
2025-11-13,EIA_EXCLUDED,NON_STANDARD_RELEASE_EXACT_TIME_NOT_PROVEN,https://www.eia.gov/petroleum/supply/weekly/archive/2025/2025_11_13/wpsr_2025_11_13.php,https://www.eia.gov/petroleum/supply/weekly/schedule.php
2025-12-29,EIA_EXCLUDED,NON_STANDARD_RELEASE_EXACT_TIME_NOT_PROVEN,https://www.eia.gov/petroleum/supply/weekly/archive/2025/2025_12_29/wpsr_2025_12_29.php,https://www.eia.gov/petroleum/supply/weekly/schedule.php
