timestamp_utc,status,owner,next_action,packet_validation,guard_signal_sha256
"2026-05-01T10:56:01.5340304Z","BLOCKED_EXTERNAL","CTO/Framework Operations","Await isolated smoke runtime + artifact materialization; then rerun Stage A and baseline backtests","PASS"
"2026-05-01T10:56:53.8422509Z","BLOCKED_EXTERNAL","CTO/Framework Operations","Enforce isolated T1 smoke runtime; verify report/log artifact materialization; then rerun Stage A + baseline backtests","PASS"
"2026-05-01T10:57:47.3880986Z","BLOCKED_EXTERNAL","CTO/Framework Operations","Await smoke isolation + artifact materialization then rerun Stage A/backtests","PASS","3416EE17AEDBEF5EF0C25DA119D38F3F4FC04AD6B00BC8568F7FDD6F762634B7"
"2026-05-01T11:00:15.6749690Z","BLOCKED_EXTERNAL","CTO/Framework Operations","Package healthcheck PASS; await external unblock before reruns","PASS"
"2026-05-01T11:00:51.3129929Z","BLOCKED_EXTERNAL","CTO/Framework Operations","No new smoke output delta (latest 1003=20260501_104253, 1004=20260501_104125); awaiting external unblock","PASS"
"2026-05-01T11:02:48.4020150Z","BLOCKED_EXTERNAL_NO_DELTA","CTO/Framework Operations","No delta; awaiting external unblock confirmation","PASS"
"2026-05-01T11:03:56.6588749Z","BLOCKED_EXTERNAL_NO_DELTA","CTO/Framework Operations","Latest smoke tags unchanged (1003=20260501_104253,1004=20260501_104125)","PASS"
"2026-05-01T11:05:48.1557629Z","BLOCKED_EXTERNAL_NO_DELTA","CTO/Framework Operations","No delta; ack refreshed","PASS"
"2026-05-01T11:06:16.4917029Z","BLOCKED_EXTERNAL_NO_DELTA","CTO/Framework Operations","Smoke tags unchanged (1003=20260501_104253,1004=20260501_104125)","PASS"
"2026-05-01T11:07:16.7106297Z","BLOCKED_EXTERNAL_NO_DELTA","CTO/Framework Operations","No change detected; waiting for external unblock","PASS"
"2026-05-01T11:08:16.2422582Z","BLOCKED_EXTERNAL_NO_DELTA","CTO/Framework Operations","No delta; blocked package complete and acknowledged","PASS"
"2026-05-01T11:09:16.4919419Z","BLOCKED_EXTERNAL_NO_DELTA","CTO/Framework Operations","No delta; external unblock still pending","PASS"
"2026-05-01T11:10:17.6345865Z","BLOCKED_EXTERNAL_NO_DELTA","CTO/Framework Operations","No delta; external unblock pending","PASS"
"2026-05-01T11:11:24.7800694Z","BLOCKED_EXTERNAL_NO_DELTA","CTO/Framework Operations","No change; external unblock pending","PASS"
"2026-05-01T11:12:18.2786731Z","BLOCKED_EXTERNAL_NO_DELTA","CTO/Framework Operations","No delta; external unblock pending","PASS"
"2026-05-01T11:13:18.6318363Z","BLOCKED_EXTERNAL_NO_DELTA","CTO/Framework Operations","No change; external unblock pending","PASS"
"2026-05-01T11:14:13.5215015Z","BLOCKED_EXTERNAL_NO_DELTA","CTO/Framework Operations","No change; external unblock pending","PASS"
"2026-05-01T11:15:19.4278184Z","BLOCKED_EXTERNAL_NO_DELTA","CTO/Framework Operations","No delta; external unblock pending","PASS"
"2026-05-01T11:16:32.5274349Z","BLOCKED_EXTERNAL_NO_DELTA","CTO/Framework Operations","No change; external unblock pending","PASS"
"2026-05-01T11:17:44.5376473Z","BLOCKED_EXTERNAL_NO_DELTA","CTO/Framework Operations","No change; external unblock pending","PASS"
"2026-05-01T11:18:48.3684480Z","BLOCKED_EXTERNAL_NO_DELTA","CTO/Framework Operations","No change; external unblock pending","PASS"
"2026-05-01T11:19:46.0889563Z","BLOCKED_EXTERNAL_NO_DELTA","CTO/Framework Operations","No change; external unblock pending","PASS"
"2026-05-01T11:20:45.7959321Z","BLOCKED_EXTERNAL_NO_DELTA","CTO/Framework Operations","No change; external unblock pending","PASS"
"2026-05-01T11:21:45.3343009Z","BLOCKED_EXTERNAL_NO_DELTA","CTO/Framework Operations","No change; external unblock pending","PASS"
"2026-05-01T11:22:49.1232209Z","BLOCKED_EXTERNAL_NO_DELTA","CTO/Framework Operations","No change; external unblock pending","PASS"
"2026-05-01T11:23:49.0904111Z","BLOCKED_EXTERNAL_NO_DELTA","CTO/Framework Operations","No change; external unblock pending","PASS"
"2026-05-01T11:24:50.4305257Z","BLOCKED_EXTERNAL_NO_DELTA","CTO/Framework Operations","No change; external unblock pending","PASS"
"2026-05-01T11:25:48.3759388Z","BLOCKED_EXTERNAL_NO_DELTA","CTO/Framework Operations","No change; external unblock pending","PASS"
"2026-05-01T11:26:50.0773607Z","BLOCKED_EXTERNAL_NO_DELTA","CTO/Framework Operations","No change; external unblock pending","PASS"
"2026-05-01T11:27:49.5977388Z","BLOCKED_EXTERNAL_NO_DELTA","CTO/Framework Operations","No change; external unblock pending","PASS"
"2026-05-01T11:28:46.0184975Z","BLOCKED_EXTERNAL_NO_DELTA","CTO/Framework Operations","No change; external unblock pending","PASS"
"2026-05-01T11:29:45.5401858Z","BLOCKED_EXTERNAL_NO_DELTA","CTO/Framework Operations","No change; external unblock pending","PASS"
"2026-05-01T11:30:47.8241622Z","BLOCKED_EXTERNAL_NO_DELTA","CTO/Framework Operations","No change; external unblock pending","PASS"
"2026-05-01T11:31:52.7686307Z","BLOCKED_EXTERNAL_NO_DELTA","CTO/Framework Operations","No change; external unblock pending","PASS"
2026-05-01T11:32:29Z,BLOCKED_EXTERNAL_NO_DELTA,CTO/Framework Operations,awaiting external unblock confirmation,packet_validation=PASS
2026-05-01T11:33:03Z,BLOCKED_EXTERNAL_NO_DELTA,CTO/Framework Operations,awaiting external unblock confirmation,packet_validation=PASS
2026-05-01T11:33:27Z,BLOCKED_EXTERNAL_NO_DELTA,CTO/Framework Operations,awaiting external unblock confirmation,packet_validation=PASS
2026-05-01T11:33:46Z,BLOCKED_EXTERNAL_NO_DELTA,CTO/Framework Operations,awaiting external unblock confirmation,packet_validation=PASS
2026-05-01T11:34:17Z,BLOCKED_EXTERNAL_NO_DELTA,CTO/Framework Operations,awaiting external unblock confirmation,packet_validation=PASS
2026-05-01T11:34:48Z,BLOCKED_EXTERNAL_NO_DELTA,CTO/Framework Operations,awaiting external unblock confirmation,packet_validation=PASS
2026-05-01T11:35:17Z,BLOCKED_EXTERNAL_NO_DELTA,CTO/Framework Operations,awaiting external unblock confirmation,packet_validation=PASS
2026-05-01T11:35:48Z,BLOCKED_EXTERNAL_NO_DELTA,CTO/Framework Operations,awaiting external unblock confirmation,packet_validation=PASS
2026-05-01T11:36:18Z,BLOCKED_EXTERNAL_NO_DELTA,CTO/Framework Operations,awaiting external unblock confirmation,packet_validation=PASS
2026-05-01T11:36:54Z,BLOCKED_EXTERNAL_NO_DELTA,CTO/Framework Operations,awaiting external unblock confirmation,packet_validation=PASS
2026-05-01T11:37:17Z,BLOCKED_EXTERNAL_NO_DELTA,CTO/Framework Operations,awaiting external unblock confirmation,packet_validation=PASS
2026-05-01T11:37:46Z,BLOCKED_EXTERNAL_NO_DELTA,CTO/Framework Operations,awaiting external unblock confirmation,packet_validation=PASS
2026-05-01T11:38:19Z,BLOCKED_EXTERNAL_NO_DELTA,CTO/Framework Operations,awaiting external unblock confirmation,packet_validation=PASS
2026-05-01T11:38:48Z,BLOCKED_EXTERNAL_NO_DELTA,CTO/Framework Operations,awaiting external unblock confirmation,packet_validation=PASS
2026-05-01T11:39:17Z,BLOCKED_EXTERNAL_NO_DELTA,CTO/Framework Operations,awaiting external unblock confirmation,packet_validation=PASS
2026-05-01T11:39:46Z,BLOCKED_EXTERNAL_NO_DELTA,CTO/Framework Operations,awaiting external unblock confirmation,packet_validation=PASS
2026-05-01T11:40:21Z,BLOCKED_EXTERNAL_NO_DELTA,CTO/Framework Operations,awaiting external unblock confirmation,packet_validation=PASS
2026-05-01T11:40:47Z,BLOCKED_EXTERNAL_NO_DELTA,CTO/Framework Operations,awaiting external unblock confirmation,packet_validation=PASS
2026-05-01T11:41:18Z,BLOCKED_EXTERNAL_NO_DELTA,CTO/Framework Operations,awaiting external unblock confirmation,packet_validation=PASS
2026-05-01T11:41:49Z,BLOCKED_EXTERNAL_NO_DELTA,CTO/Framework Operations,awaiting external unblock confirmation,packet_validation=PASS
2026-05-01T11:42:20Z,BLOCKED_EXTERNAL_NO_DELTA,CTO/Framework Operations,awaiting external unblock confirmation,packet_validation=PASS
2026-05-01T11:43:08Z,BLOCKED_EXTERNAL_NO_DELTA,CTO/Framework Operations,awaiting external unblock confirmation,packet_validation=PASS
2026-05-01T11:43:35Z,BLOCKED_EXTERNAL_NO_DELTA,CTO/Framework Operations,awaiting external unblock confirmation,packet_validation=PASS
2026-05-01T11:45:23Z,BLOCKED_EXTERNAL_NO_DELTA,CTO/Framework Operations,awaiting external unblock confirmation,packet_validation=PASS
2026-05-01T11:46:10Z,BLOCKED_EXTERNAL_NO_DELTA,CTO/Framework Operations,awaiting external unblock confirmation,packet_validation=PASS
2026-05-01T11:46:59Z,BLOCKED_EXTERNAL_NO_DELTA,CTO/Framework Operations,awaiting external unblock confirmation,packet_validation=PASS
2026-05-01T11:47:46Z,BLOCKED_EXTERNAL_NO_DELTA,CTO/Framework Operations,awaiting external unblock confirmation,packet_validation=PASS
2026-05-01T11:48:16Z,BLOCKED_EXTERNAL_NO_DELTA,CTO/Framework Operations,awaiting external unblock confirmation,packet_validation=PASS
2026-05-01T11:48:47Z,BLOCKED_EXTERNAL_NO_DELTA,CTO/Framework Operations,awaiting external unblock confirmation,packet_validation=PASS
2026-05-01T11:49:16Z,BLOCKED_EXTERNAL_NO_DELTA,CTO/Framework Operations,awaiting external unblock confirmation,packet_validation=PASS
2026-05-01T11:49:49Z,BLOCKED_EXTERNAL_NO_DELTA,CTO/Framework Operations,awaiting external unblock confirmation,packet_validation=PASS
2026-05-01T11:50:18Z,BLOCKED_EXTERNAL_NO_DELTA,CTO/Framework Operations,awaiting external unblock confirmation,packet_validation=PASS
2026-05-01T11:50:46Z,BLOCKED_EXTERNAL_NO_DELTA,CTO/Framework Operations,awaiting external unblock confirmation,packet_validation=PASS
2026-05-01T11:51:18Z,BLOCKED_EXTERNAL_NO_DELTA,CTO/Framework Operations,awaiting external unblock confirmation,packet_validation=PASS
2026-05-01T11:51:51Z,BLOCKED_EXTERNAL_NO_DELTA,CTO/Framework Operations,awaiting external unblock confirmation,packet_validation=PASS
2026-05-01T11:52:18Z,BLOCKED_EXTERNAL_NO_DELTA,CTO/Framework Operations,awaiting external unblock confirmation,packet_validation=PASS
2026-05-01T11:52:48Z,BLOCKED_EXTERNAL_NO_DELTA,CTO/Framework Operations,awaiting external unblock confirmation,packet_validation=PASS
2026-05-01T11:53:19Z,BLOCKED_EXTERNAL_NO_DELTA,CTO/Framework Operations,awaiting external unblock confirmation,packet_validation=PASS
2026-05-01T11:53:49Z,BLOCKED_EXTERNAL_NO_DELTA,CTO/Framework Operations,awaiting external unblock confirmation,packet_validation=PASS
2026-05-01T11:54:18Z,BLOCKED_EXTERNAL_NO_DELTA,CTO/Framework Operations,awaiting external unblock confirmation,packet_validation=PASS
2026-05-01T11:54:47Z,BLOCKED_EXTERNAL_NO_DELTA,CTO/Framework Operations,awaiting external unblock confirmation,packet_validation=PASS
2026-05-01T11:55:17Z,BLOCKED_EXTERNAL_NO_DELTA,CTO/Framework Operations,awaiting external unblock confirmation,packet_validation=PASS
2026-05-01T11:55:47Z,BLOCKED_EXTERNAL_NO_DELTA,CTO/Framework Operations,awaiting external unblock confirmation,packet_validation=PASS
2026-05-01T11:56:17Z,BLOCKED_EXTERNAL_NO_DELTA,CTO/Framework Operations,awaiting external unblock confirmation,packet_validation=PASS
2026-05-01T11:56:48Z,BLOCKED_EXTERNAL_NO_DELTA,CTO/Framework Operations,awaiting external unblock confirmation,packet_validation=PASS
2026-05-01T11:57:16Z,BLOCKED_EXTERNAL_NO_DELTA,CTO/Framework Operations,awaiting external unblock confirmation,packet_validation=PASS
2026-05-01T11:57:47Z,BLOCKED_EXTERNAL_NO_DELTA,CTO/Framework Operations,awaiting external unblock confirmation,packet_validation=PASS
2026-05-01T11:58:24Z,BLOCKED_EXTERNAL_NO_DELTA,CTO/Framework Operations,awaiting external unblock confirmation,packet_validation=PASS
2026-05-01T11:58:50Z,BLOCKED_EXTERNAL_NO_DELTA,CTO/Framework Operations,awaiting external unblock confirmation,packet_validation=PASS
2026-05-01T11:59:21Z,BLOCKED_EXTERNAL_NO_DELTA,CTO/Framework Operations,awaiting external unblock confirmation,packet_validation=PASS
2026-05-01T11:59:47Z,BLOCKED_EXTERNAL_NO_DELTA,CTO/Framework Operations,awaiting external unblock confirmation,packet_validation=PASS
2026-05-01T12:00:17Z,BLOCKED_EXTERNAL_NO_DELTA,CTO/Framework Operations,awaiting external unblock confirmation,packet_validation=PASS
2026-05-01T12:00:48Z,BLOCKED_EXTERNAL_NO_DELTA,CTO/Framework Operations,awaiting external unblock confirmation,packet_validation=PASS
2026-05-01T12:01:26Z,BLOCKED_EXTERNAL_NO_DELTA,CTO/Framework Operations,awaiting external unblock confirmation,packet_validation=PASS
2026-05-01T12:01:48Z,BLOCKED_EXTERNAL_NO_DELTA,CTO/Framework Operations,awaiting external unblock confirmation,packet_validation=PASS
2026-05-01T12:02:18Z,BLOCKED_EXTERNAL_NO_DELTA,CTO/Framework Operations,awaiting external unblock confirmation,packet_validation=PASS
2026-05-01T12:02:48Z,BLOCKED_EXTERNAL_NO_DELTA,CTO/Framework Operations,awaiting external unblock confirmation,packet_validation=PASS
2026-05-01T12:03:19Z,BLOCKED_EXTERNAL_NO_DELTA,CTO/Framework Operations,awaiting external unblock confirmation,packet_validation=PASS
2026-05-01T12:03:51Z,BLOCKED_EXTERNAL_NO_DELTA,CTO/Framework Operations,awaiting external unblock confirmation,packet_validation=PASS
2026-05-01T12:04:22Z,BLOCKED_EXTERNAL_NO_DELTA,CTO/Framework Operations,awaiting external unblock confirmation,packet_validation=PASS
2026-05-01T12:04:47Z,BLOCKED_EXTERNAL_NO_DELTA,CTO/Framework Operations,awaiting external unblock confirmation,packet_validation=PASS
2026-05-01T12:05:23Z,BLOCKED_EXTERNAL_NO_DELTA,CTO/Framework Operations,awaiting external unblock confirmation,packet_validation=PASS
2026-05-01T12:05:49Z,BLOCKED_EXTERNAL_NO_DELTA,CTO/Framework Operations,awaiting external unblock confirmation,packet_validation=PASS
2026-05-01T12:06:19Z,BLOCKED_EXTERNAL_NO_DELTA,CTO/Framework Operations,awaiting external unblock confirmation,packet_validation=PASS
2026-05-01T12:06:46Z,BLOCKED_EXTERNAL_NO_DELTA,CTO/Framework Operations,awaiting external unblock confirmation,packet_validation=PASS
2026-05-01T12:07:18Z,BLOCKED_EXTERNAL_NO_DELTA,CTO/Framework Operations,awaiting external unblock confirmation,packet_validation=PASS
2026-05-01T12:07:47Z,BLOCKED_EXTERNAL_NO_DELTA,CTO/Framework Operations,awaiting external unblock confirmation,packet_validation=PASS
2026-05-01T12:08:20Z,BLOCKED_EXTERNAL_NO_DELTA,CTO/Framework Operations,awaiting external unblock confirmation,packet_validation=PASS
2026-05-01T12:08:48Z,BLOCKED_EXTERNAL_NO_DELTA,CTO/Framework Operations,awaiting external unblock confirmation,packet_validation=PASS
2026-05-01T12:09:19Z,BLOCKED_EXTERNAL_NO_DELTA,CTO/Framework Operations,awaiting external unblock confirmation,packet_validation=PASS
2026-05-01T12:09:49Z,BLOCKED_EXTERNAL_NO_DELTA,CTO/Framework Operations,awaiting external unblock confirmation,packet_validation=PASS
2026-05-01T12:10:20Z,BLOCKED_EXTERNAL_NO_DELTA,CTO/Framework Operations,awaiting external unblock confirmation,packet_validation=PASS
2026-05-01T12:10:49Z,BLOCKED_EXTERNAL_NO_DELTA,CTO/Framework Operations,awaiting external unblock confirmation,packet_validation=PASS
2026-05-01T12:11:20Z,BLOCKED_EXTERNAL_NO_DELTA,CTO/Framework Operations,awaiting external unblock confirmation,packet_validation=PASS
2026-05-01T12:11:47Z,BLOCKED_EXTERNAL_NO_DELTA,CTO/Framework Operations,awaiting external unblock confirmation,packet_validation=PASS
2026-05-01T12:12:21Z,BLOCKED_EXTERNAL_NO_DELTA,CTO/Framework Operations,awaiting external unblock confirmation,packet_validation=PASS
2026-05-01T12:12:50Z,BLOCKED_EXTERNAL_NO_DELTA,CTO/Framework Operations,awaiting external unblock confirmation,packet_validation=PASS
2026-05-01T12:13:18Z,BLOCKED_EXTERNAL_NO_DELTA,CTO/Framework Operations,awaiting external unblock confirmation,packet_validation=PASS
2026-05-01T12:13:48Z,BLOCKED_EXTERNAL_NO_DELTA,CTO/Framework Operations,awaiting external unblock confirmation,packet_validation=PASS
2026-05-01T12:14:18Z,BLOCKED_EXTERNAL_NO_DELTA,CTO/Framework Operations,awaiting external unblock confirmation,packet_validation=PASS
2026-05-01T12:14:50Z,BLOCKED_EXTERNAL_NO_DELTA,CTO/Framework Operations,awaiting external unblock confirmation,packet_validation=PASS
2026-05-01T12:15:20Z,BLOCKED_EXTERNAL_NO_DELTA,CTO/Framework Operations,awaiting external unblock confirmation,packet_validation=PASS
2026-05-01T12:15:48Z,BLOCKED_EXTERNAL_NO_DELTA,CTO/Framework Operations,awaiting external unblock confirmation,packet_validation=PASS
2026-05-01T12:16:18Z,BLOCKED_EXTERNAL_NO_DELTA,CTO/Framework Operations,awaiting external unblock confirmation,packet_validation=PASS
2026-05-01T12:16:48Z,BLOCKED_EXTERNAL_NO_DELTA,CTO/Framework Operations,awaiting external unblock confirmation,packet_validation=PASS
2026-05-01T12:17:20Z,BLOCKED_EXTERNAL_NO_DELTA,CTO/Framework Operations,awaiting external unblock confirmation,packet_validation=PASS
2026-05-01T12:18:02Z,BLOCKED_EXTERNAL_NO_DELTA,CTO/Framework Operations,awaiting external unblock confirmation,packet_validation=PASS
2026-05-01T12:18:29Z,BLOCKED_EXTERNAL_NO_DELTA,CTO/Framework Operations,awaiting external unblock confirmation,packet_validation=PASS
2026-05-01T12:18:56Z,BLOCKED_EXTERNAL_NO_DELTA,CTO/Framework Operations,awaiting external unblock confirmation,packet_validation=PASS
2026-05-01T12:19:28Z,BLOCKED_EXTERNAL_NO_DELTA,CTO/Framework Operations,awaiting external unblock confirmation,packet_validation=PASS
2026-05-01T12:20:05Z,BLOCKED_EXTERNAL_NO_DELTA,CTO/Framework Operations,awaiting external unblock confirmation,packet_validation=PASS
2026-05-01T12:20:30Z,BLOCKED_EXTERNAL_NO_DELTA,CTO/Framework Operations,awaiting external unblock confirmation,packet_validation=PASS
2026-05-01T12:20:59Z,BLOCKED_EXTERNAL_NO_DELTA,CTO/Framework Operations,awaiting external unblock confirmation,packet_validation=PASS
2026-05-01T12:21:29Z,BLOCKED_EXTERNAL_NO_DELTA,CTO/Framework Operations,awaiting external unblock confirmation,packet_validation=PASS
2026-05-01T12:21:53Z,BLOCKED_EXTERNAL_NO_DELTA,CTO/Framework Operations,awaiting external unblock confirmation,packet_validation=PASS
2026-05-01T12:22:19Z,BLOCKED_EXTERNAL_NO_DELTA,CTO/Framework Operations,awaiting external unblock confirmation,packet_validation=PASS
2026-05-01T12:22:50Z,BLOCKED_EXTERNAL_NO_DELTA,CTO/Framework Operations,awaiting external unblock confirmation,packet_validation=PASS
2026-05-01T12:23:21Z,BLOCKED_EXTERNAL_NO_DELTA,CTO/Framework Operations,awaiting external unblock confirmation,packet_validation=PASS
2026-05-01T12:23:51Z,BLOCKED_EXTERNAL_NO_DELTA,CTO/Framework Operations,awaiting external unblock confirmation,packet_validation=PASS
2026-05-01T12:24:19Z,BLOCKED_EXTERNAL_NO_DELTA,CTO/Framework Operations,awaiting external unblock confirmation,packet_validation=PASS
2026-05-01T12:24:50Z,BLOCKED_EXTERNAL_NO_DELTA,CTO/Framework Operations,awaiting external unblock confirmation,packet_validation=PASS
2026-05-01T12:25:20Z,BLOCKED_EXTERNAL_NO_DELTA,CTO/Framework Operations,awaiting external unblock confirmation,packet_validation=PASS
2026-05-01T12:25:48Z,BLOCKED_EXTERNAL_NO_DELTA,CTO/Framework Operations,awaiting external unblock confirmation,packet_validation=PASS
2026-05-01T12:26:20Z,BLOCKED_EXTERNAL_NO_DELTA,CTO/Framework Operations,awaiting external unblock confirmation,packet_validation=PASS
2026-05-01T12:26:48Z,BLOCKED_EXTERNAL_NO_DELTA,CTO/Framework Operations,awaiting external unblock confirmation,packet_validation=PASS
2026-05-01T12:27:21Z,BLOCKED_EXTERNAL_NO_DELTA,CTO/Framework Operations,awaiting external unblock confirmation,packet_validation=PASS
2026-05-01T12:27:48Z,BLOCKED_EXTERNAL_NO_DELTA,CTO/Framework Operations,awaiting external unblock confirmation,packet_validation=PASS
2026-05-01T12:28:22Z,BLOCKED_EXTERNAL_NO_DELTA,CTO/Framework Operations,awaiting external unblock confirmation,packet_validation=PASS
2026-05-01T12:28:51Z,BLOCKED_EXTERNAL_NO_DELTA,CTO/Framework Operations,awaiting external unblock confirmation,packet_validation=PASS
2026-05-01T12:29:21Z,BLOCKED_EXTERNAL_NO_DELTA,CTO/Framework Operations,awaiting external unblock confirmation,packet_validation=PASS
2026-05-01T12:29:48Z,BLOCKED_EXTERNAL_NO_DELTA,CTO/Framework Operations,awaiting external unblock confirmation,packet_validation=PASS
2026-05-01T12:30:21Z,BLOCKED_EXTERNAL_NO_DELTA,CTO/Framework Operations,awaiting external unblock confirmation,packet_validation=PASS
2026-05-01T12:30:49Z,BLOCKED_EXTERNAL_NO_DELTA,CTO/Framework Operations,awaiting external unblock confirmation,packet_validation=PASS
2026-05-01T12:31:21Z,BLOCKED_EXTERNAL_NO_DELTA,CTO/Framework Operations,awaiting external unblock confirmation,packet_validation=PASS
2026-05-01T12:31:50Z,BLOCKED_EXTERNAL_NO_DELTA,CTO/Framework Operations,awaiting external unblock confirmation,packet_validation=PASS
2026-05-01T12:32:19Z,BLOCKED_EXTERNAL_NO_DELTA,CTO/Framework Operations,awaiting external unblock confirmation,packet_validation=PASS
2026-05-01T12:32:48Z,BLOCKED_EXTERNAL_NO_DELTA,CTO/Framework Operations,awaiting external unblock confirmation,packet_validation=PASS
2026-05-01T12:33:19Z,BLOCKED_EXTERNAL_NO_DELTA,CTO/Framework Operations,awaiting external unblock confirmation,packet_validation=PASS
2026-05-01T12:34:10Z,BLOCKED_EXTERNAL_NO_DELTA,CTO/Framework Operations,awaiting external unblock confirmation,packet_validation=PASS
2026-05-01T12:34:48Z,BLOCKED_EXTERNAL_NO_DELTA,CTO/Framework Operations,awaiting external unblock confirmation,packet_validation=PASS
2026-05-01T12:35:19Z,BLOCKED_EXTERNAL_NO_DELTA,CTO/Framework Operations,awaiting external unblock confirmation,packet_validation=PASS
2026-05-01T12:35:53Z,BLOCKED_EXTERNAL_NO_DELTA,CTO/Framework Operations,awaiting external unblock confirmation,packet_validation=PASS
2026-05-01T12:36:15Z,BLOCKED_EXTERNAL_NO_DELTA,CTO/Framework Operations,awaiting external unblock confirmation,packet_validation=PASS
2026-05-01T12:36:50Z,BLOCKED_EXTERNAL_NO_DELTA,CTO/Framework Operations,awaiting external unblock confirmation,packet_validation=PASS
2026-05-01T12:37:23Z,BLOCKED_EXTERNAL_NO_DELTA,CTO/Framework Operations,awaiting external unblock confirmation,packet_validation=PASS
2026-05-01T12:37:56Z,BLOCKED_EXTERNAL_NO_DELTA,CTO/Framework Operations,awaiting external unblock confirmation,packet_validation=PASS
2026-05-01T12:38:24Z,BLOCKED_EXTERNAL_NO_DELTA,CTO/Framework Operations,awaiting external unblock confirmation,packet_validation=PASS
2026-05-01T12:38:55Z,BLOCKED_EXTERNAL_NO_DELTA,CTO/Framework Operations,awaiting external unblock confirmation,packet_validation=PASS
2026-05-01T12:39:44Z,BLOCKED_EXTERNAL_NO_DELTA,CTO/Framework Operations,awaiting external unblock confirmation,packet_validation=PASS
2026-05-01T12:40:15Z,BLOCKED_EXTERNAL_NO_DELTA,CTO/Framework Operations,awaiting external unblock confirmation,packet_validation=PASS
2026-05-01T12:40:55Z,BLOCKED_EXTERNAL_NO_DELTA,CTO/Framework Operations,awaiting external unblock confirmation,packet_validation=PASS
2026-05-01T12:41:43Z,BLOCKED_EXTERNAL_NO_DELTA,CTO/Framework Operations,awaiting external unblock confirmation,packet_validation=PASS
2026-05-01T12:42:14Z,BLOCKED_EXTERNAL_NO_DELTA,CTO/Framework Operations,awaiting external unblock confirmation,packet_validation=PASS
2026-05-01T12:42:56Z,BLOCKED_EXTERNAL_NO_DELTA,CTO/Framework Operations,awaiting external unblock confirmation,packet_validation=PASS
2026-05-01T12:43:24Z,BLOCKED_EXTERNAL_NO_DELTA,CTO/Framework Operations,awaiting external unblock confirmation,packet_validation=PASS
2026-05-01T12:43:54Z,BLOCKED_EXTERNAL_NO_DELTA,CTO/Framework Operations,awaiting external unblock confirmation,packet_validation=PASS
2026-05-01T12:44:27Z,BLOCKED_EXTERNAL_NO_DELTA,CTO/Framework Operations,awaiting external unblock confirmation,packet_validation=PASS
2026-05-01T12:44:57Z,BLOCKED_EXTERNAL_NO_DELTA,CTO/Framework Operations,awaiting external unblock confirmation,packet_validation=PASS
2026-05-01T12:45:43Z,BLOCKED_EXTERNAL_NO_DELTA,CTO/Framework Operations,awaiting external unblock confirmation,packet_validation=PASS
2026-05-01T12:46:24Z,BLOCKED_EXTERNAL_NO_DELTA,CTO/Framework Operations,awaiting external unblock confirmation,packet_validation=PASS
2026-05-01T12:47:17Z,BLOCKED_EXTERNAL_NO_DELTA,CTO/Framework Operations,awaiting external unblock confirmation,packet_validation=PASS
2026-05-01T12:47:54Z,BLOCKED_EXTERNAL_NO_DELTA,CTO/Framework Operations,awaiting external unblock confirmation,packet_validation=PASS
2026-05-01T12:48:25Z,BLOCKED_EXTERNAL_NO_DELTA,CTO/Framework Operations,awaiting external unblock confirmation,packet_validation=PASS
2026-05-01T12:48:54Z,BLOCKED_EXTERNAL_NO_DELTA,CTO/Framework Operations,awaiting external unblock confirmation,packet_validation=PASS
2026-05-01T12:49:54Z,BLOCKED_EXTERNAL_NO_DELTA,CTO/Framework Operations,awaiting external unblock confirmation,packet_validation=PASS
2026-05-01T12:50:24Z,BLOCKED_EXTERNAL_NO_DELTA,CTO/Framework Operations,awaiting external unblock confirmation,packet_validation=PASS
2026-05-01T12:50:58Z,BLOCKED_EXTERNAL_NO_DELTA,CTO/Framework Operations,awaiting external unblock confirmation,packet_validation=PASS
2026-05-01T12:51:45Z,BLOCKED_EXTERNAL_NO_DELTA,CTO/Framework Operations,awaiting external unblock confirmation,packet_validation=PASS
2026-05-01T12:52:17Z,BLOCKED_EXTERNAL_NO_DELTA,CTO/Framework Operations,awaiting external unblock confirmation,packet_validation=PASS
2026-05-01T12:53:32Z,BLOCKED_EXTERNAL_NO_DELTA,CTO/Framework Operations,awaiting external unblock confirmation,packet_validation=PASS
2026-05-01T12:54:15Z,BLOCKED_EXTERNAL_NO_DELTA,CTO/Framework Operations,awaiting external unblock confirmation,packet_validation=PASS
2026-05-01T12:54:48Z,BLOCKED_EXTERNAL_NO_DELTA,CTO/Framework Operations,awaiting external unblock confirmation,packet_validation=PASS
2026-05-01T12:55:26Z,BLOCKED_EXTERNAL_NO_DELTA,CTO/Framework Operations,awaiting external unblock confirmation,packet_validation=PASS
2026-05-01T12:55:58Z,BLOCKED_EXTERNAL_NO_DELTA,CTO/Framework Operations,awaiting external unblock confirmation,packet_validation=PASS
2026-05-01T12:56:27Z,BLOCKED_EXTERNAL_NO_DELTA,CTO/Framework Operations,awaiting external unblock confirmation,packet_validation=PASS
2026-05-01T12:57:18Z,BLOCKED_EXTERNAL_NO_DELTA,CTO/Framework Operations,awaiting external unblock confirmation,packet_validation=PASS
2026-05-01T12:57:56Z,BLOCKED_EXTERNAL_NO_DELTA,CTO/Framework Operations,awaiting external unblock confirmation,packet_validation=PASS
2026-05-01T12:58:46Z,BLOCKED_EXTERNAL_NO_DELTA,CTO/Framework Operations,awaiting external unblock confirmation,packet_validation=PASS
2026-05-01T12:59:17Z,BLOCKED_EXTERNAL_NO_DELTA,CTO/Framework Operations,awaiting external unblock confirmation,packet_validation=PASS
2026-05-01T12:59:57Z,BLOCKED_EXTERNAL_NO_DELTA,CTO/Framework Operations,awaiting external unblock confirmation,packet_validation=PASS
2026-05-01T13:00:50Z,BLOCKED_EXTERNAL_NO_DELTA,CTO/Framework Operations,awaiting external unblock confirmation,packet_validation=PASS
2026-05-01T13:01:26Z,BLOCKED_EXTERNAL_NO_DELTA,CTO/Framework Operations,awaiting external unblock confirmation,packet_validation=PASS
2026-05-01T13:01:57Z,BLOCKED_EXTERNAL_NO_DELTA,CTO/Framework Operations,awaiting external unblock confirmation,packet_validation=PASS
2026-05-01T13:02:45Z,BLOCKED_EXTERNAL_NO_DELTA,CTO/Framework Operations,awaiting external unblock confirmation,packet_validation=PASS
2026-05-01T13:03:20Z,BLOCKED_EXTERNAL_NO_DELTA,CTO/Framework Operations,awaiting external unblock confirmation,packet_validation=PASS
2026-05-01T13:04:28Z,BLOCKED_EXTERNAL_NO_DELTA,CTO/Framework Operations,awaiting external unblock confirmation,packet_validation=PASS
2026-05-01T13:05:48Z,BLOCKED_EXTERNAL_NO_DELTA,CTO/Framework Operations,awaiting external unblock confirmation,packet_validation=PASS
2026-05-01T13:06:27Z,BLOCKED_EXTERNAL_NO_DELTA,CTO/Framework Operations,awaiting external unblock confirmation,packet_validation=PASS
2026-05-01T13:07:46Z,BLOCKED_EXTERNAL_NO_DELTA,CTO/Framework Operations,awaiting external unblock confirmation,packet_validation=PASS
2026-05-01T13:08:16Z,BLOCKED_EXTERNAL_NO_DELTA,CTO/Framework Operations,awaiting external unblock confirmation,packet_validation=PASS
2026-05-01T13:08:54Z,BLOCKED_EXTERNAL_NO_DELTA,CTO/Framework Operations,awaiting external unblock confirmation,packet_validation=PASS
2026-05-01T13:09:26Z,BLOCKED_EXTERNAL_NO_DELTA,CTO/Framework Operations,awaiting external unblock confirmation,packet_validation=PASS
2026-05-01T13:10:22Z,BLOCKED_EXTERNAL_NO_DELTA,CTO/Framework Operations,awaiting external unblock confirmation,packet_validation=PASS
2026-05-01T13:11:15Z,BLOCKED_EXTERNAL_NO_DELTA,CTO/Framework Operations,awaiting external unblock confirmation,packet_validation=PASS
2026-05-01T13:11:58Z,BLOCKED_EXTERNAL_NO_DELTA,CTO/Framework Operations,awaiting external unblock confirmation,packet_validation=PASS
2026-05-01T13:12:48Z,BLOCKED_EXTERNAL_NO_DELTA,CTO/Framework Operations,awaiting external unblock confirmation,packet_validation=PASS
2026-05-01T13:13:48Z,BLOCKED_EXTERNAL_NO_DELTA,CTO/Framework Operations,awaiting external unblock confirmation,packet_validation=PASS
2026-05-01T13:14:28Z,BLOCKED_EXTERNAL_NO_DELTA,CTO/Framework Operations,awaiting external unblock confirmation,packet_validation=PASS
2026-05-01T13:15:17Z,BLOCKED_EXTERNAL_NO_DELTA,CTO/Framework Operations,awaiting external unblock confirmation,packet_validation=PASS
2026-05-01T13:16:00Z,BLOCKED_EXTERNAL_NO_DELTA,CTO/Framework Operations,awaiting external unblock confirmation,packet_validation=PASS
2026-05-01T13:16:47Z,BLOCKED_EXTERNAL_NO_DELTA,CTO/Framework Operations,awaiting external unblock confirmation,packet_validation=PASS
2026-05-01T13:17:27Z,BLOCKED_EXTERNAL_NO_DELTA,CTO/Framework Operations,awaiting external unblock confirmation,packet_validation=PASS
2026-05-01T13:18:16Z,BLOCKED_EXTERNAL_NO_DELTA,CTO/Framework Operations,awaiting external unblock confirmation,packet_validation=PASS
2026-05-01T13:19:19Z,BLOCKED_EXTERNAL_NO_DELTA,CTO/Framework Operations,awaiting external unblock confirmation,packet_validation=PASS
2026-05-01T13:19:57Z,BLOCKED_EXTERNAL_NO_DELTA,CTO/Framework Operations,awaiting external unblock confirmation,packet_validation=PASS
2026-05-01T13:20:50Z,BLOCKED_EXTERNAL_NO_DELTA,CTO/Framework Operations,awaiting external unblock confirmation,packet_validation=PASS
2026-05-01T13:21:26Z,BLOCKED_EXTERNAL_NO_DELTA,CTO/Framework Operations,awaiting external unblock confirmation,packet_validation=PASS
2026-05-01T13:22:16Z,BLOCKED_EXTERNAL_NO_DELTA,CTO/Framework Operations,awaiting external unblock confirmation,packet_validation=PASS
2026-05-01T13:22:58Z,BLOCKED_EXTERNAL_NO_DELTA,CTO/Framework Operations,awaiting external unblock confirmation,packet_validation=PASS
2026-05-01T13:23:45Z,BLOCKED_EXTERNAL_NO_DELTA,CTO/Framework Operations,awaiting external unblock confirmation,packet_validation=PASS
2026-05-01T13:24:18Z,BLOCKED_EXTERNAL_NO_DELTA,CTO/Framework Operations,awaiting external unblock confirmation,packet_validation=PASS
2026-05-01T13:25:17Z,BLOCKED_EXTERNAL_NO_DELTA,CTO/Framework Operations,awaiting external unblock confirmation,packet_validation=PASS
2026-05-01T13:25:56Z,BLOCKED_EXTERNAL_NO_DELTA,CTO/Framework Operations,awaiting external unblock confirmation,packet_validation=PASS
2026-05-01T13:27:26Z,BLOCKED_EXTERNAL_NO_DELTA,CTO/Framework Operations,awaiting external unblock confirmation,packet_validation=PASS
2026-05-01T13:28:15Z,BLOCKED_EXTERNAL_NO_DELTA,CTO/Framework Operations,awaiting external unblock confirmation,packet_validation=PASS
2026-05-01T13:29:02Z,BLOCKED_EXTERNAL_NO_DELTA,CTO/Framework Operations,awaiting external unblock confirmation,packet_validation=PASS
2026-05-01T13:29:50Z,BLOCKED_EXTERNAL_NO_DELTA,CTO/Framework Operations,awaiting external unblock confirmation,packet_validation=PASS
2026-05-01T13:30:47Z,BLOCKED_EXTERNAL_NO_DELTA,CTO/Framework Operations,awaiting external unblock confirmation,packet_validation=PASS
2026-05-01T13:31:48Z,BLOCKED_EXTERNAL_NO_DELTA,CTO/Framework Operations,awaiting external unblock confirmation,packet_validation=PASS
2026-05-01T13:32:30Z,BLOCKED_EXTERNAL_NO_DELTA,CTO/Framework Operations,awaiting external unblock confirmation,packet_validation=PASS
2026-05-01T13:33:30Z,BLOCKED_EXTERNAL_NO_DELTA,CTO/Framework Operations,awaiting external unblock confirmation,packet_validation=PASS
2026-05-01T13:34:16Z,BLOCKED_EXTERNAL_NO_DELTA,CTO/Framework Operations,awaiting external unblock confirmation,packet_validation=PASS
2026-05-01T13:34:57Z,BLOCKED_EXTERNAL_NO_DELTA,CTO/Framework Operations,awaiting external unblock confirmation,packet_validation=PASS
2026-05-01T13:35:48Z,BLOCKED_EXTERNAL_NO_DELTA,CTO/Framework Operations,awaiting external unblock confirmation,packet_validation=PASS
2026-05-01T13:36:27Z,BLOCKED_EXTERNAL_NO_DELTA,CTO/Framework Operations,awaiting external unblock confirmation,packet_validation=PASS
2026-05-01T13:37:49Z,BLOCKED_EXTERNAL_NO_DELTA,CTO/Framework Operations,awaiting external unblock confirmation,packet_validation=PASS
2026-05-01T15:39:29Z,BLOCKED_EXTERNAL_NO_DELTA,CTO/Framework Operations,awaiting external unblock confirmation,packet_validation=PASS
2026-05-01T15:39:57Z,BLOCKED_EXTERNAL_NO_DELTA,CTO/Framework Operations,awaiting external unblock confirmation,packet_validation=PASS
2026-05-01T15:40:27Z,BLOCKED_EXTERNAL_NO_DELTA,CTO/Framework Operations,awaiting external unblock confirmation,packet_validation=PASS
2026-05-01T15:41:00Z,BLOCKED_EXTERNAL_NO_DELTA,CTO/Framework Operations,awaiting external unblock confirmation,packet_validation=PASS
2026-05-01T15:41:47Z,BLOCKED_EXTERNAL_NO_DELTA,CTO/Framework Operations,awaiting external unblock confirmation,packet_validation=PASS
2026-05-01T15:42:17Z,BLOCKED_EXTERNAL_NO_DELTA,CTO/Framework Operations,awaiting external unblock confirmation,packet_validation=PASS
2026-05-01T15:42:46Z,BLOCKED_EXTERNAL_NO_DELTA,CTO/Framework Operations,awaiting external unblock confirmation,packet_validation=PASS
2026-05-01T15:43:18Z,BLOCKED_EXTERNAL_NO_DELTA,CTO/Framework Operations,awaiting external unblock confirmation,packet_validation=PASS
2026-05-01T15:43:46Z,BLOCKED_EXTERNAL_NO_DELTA,CTO/Framework Operations,awaiting external unblock confirmation,packet_validation=PASS
2026-05-01T15:44:17Z,BLOCKED_EXTERNAL_NO_DELTA,CTO/Framework Operations,awaiting external unblock confirmation,packet_validation=PASS
2026-05-01T15:44:48Z,BLOCKED_EXTERNAL_NO_DELTA,CTO/Framework Operations,awaiting external unblock confirmation,packet_validation=PASS
2026-05-01T15:45:24Z,BLOCKED_EXTERNAL_NO_DELTA,CTO/Framework Operations,awaiting external unblock confirmation,packet_validation=PASS
2026-05-01T15:45:55Z,BLOCKED_EXTERNAL_NO_DELTA,CTO/Framework Operations,awaiting external unblock confirmation,packet_validation=PASS
2026-05-01T15:46:25Z,BLOCKED_EXTERNAL_NO_DELTA,CTO/Framework Operations,awaiting external unblock confirmation,packet_validation=PASS
2026-05-01T15:46:56Z,BLOCKED_EXTERNAL_NO_DELTA,CTO/Framework Operations,awaiting external unblock confirmation,packet_validation=PASS
2026-05-01T15:47:24Z,BLOCKED_EXTERNAL_NO_DELTA,CTO/Framework Operations,awaiting external unblock confirmation,packet_validation=PASS
2026-05-01T15:47:58Z,BLOCKED_EXTERNAL_NO_DELTA,CTO/Framework Operations,awaiting external unblock confirmation,packet_validation=PASS
2026-05-01T15:48:45Z,BLOCKED_EXTERNAL_NO_DELTA,CTO/Framework Operations,awaiting external unblock confirmation,packet_validation=PASS
2026-05-01T15:49:15Z,BLOCKED_EXTERNAL_NO_DELTA,CTO/Framework Operations,awaiting external unblock confirmation,packet_validation=PASS
2026-05-01T15:49:55Z,BLOCKED_EXTERNAL_NO_DELTA,CTO/Framework Operations,awaiting external unblock confirmation,packet_validation=PASS
2026-05-01T15:50:45Z,BLOCKED_EXTERNAL_NO_DELTA,CTO/Framework Operations,awaiting external unblock confirmation,packet_validation=PASS
2026-05-01T15:51:16Z,BLOCKED_EXTERNAL_NO_DELTA,CTO/Framework Operations,awaiting external unblock confirmation,packet_validation=PASS
2026-05-01T15:51:50Z,BLOCKED_EXTERNAL_NO_DELTA,CTO/Framework Operations,awaiting external unblock confirmation,packet_validation=PASS
2026-05-01T15:52:29Z,BLOCKED_EXTERNAL_NO_DELTA,CTO/Framework Operations,awaiting external unblock confirmation,packet_validation=PASS
2026-05-01T15:52:55Z,BLOCKED_EXTERNAL_NO_DELTA,CTO/Framework Operations,awaiting external unblock confirmation,packet_validation=PASS
2026-05-01T15:53:26Z,BLOCKED_EXTERNAL_NO_DELTA,CTO/Framework Operations,awaiting external unblock confirmation,packet_validation=PASS
2026-05-01T15:54:15Z,BLOCKED_EXTERNAL_NO_DELTA,CTO/Framework Operations,awaiting external unblock confirmation,packet_validation=PASS
2026-05-01T15:54:45Z,BLOCKED_EXTERNAL_NO_DELTA,CTO/Framework Operations,awaiting external unblock confirmation,packet_validation=PASS
2026-05-01T15:55:15Z,BLOCKED_EXTERNAL_NO_DELTA,CTO/Framework Operations,awaiting external unblock confirmation,packet_validation=PASS
2026-05-01T15:55:55Z,BLOCKED_EXTERNAL_NO_DELTA,CTO/Framework Operations,awaiting external unblock confirmation,packet_validation=PASS
2026-05-01T15:56:24Z,BLOCKED_EXTERNAL_NO_DELTA,CTO/Framework Operations,awaiting external unblock confirmation,packet_validation=PASS
2026-05-01T15:56:55Z,BLOCKED_EXTERNAL_NO_DELTA,CTO/Framework Operations,awaiting external unblock confirmation,packet_validation=PASS
2026-05-01T15:57:25Z,BLOCKED_EXTERNAL_NO_DELTA,CTO/Framework Operations,awaiting external unblock confirmation,packet_validation=PASS
2026-05-01T15:57:56Z,BLOCKED_EXTERNAL_NO_DELTA,CTO/Framework Operations,awaiting external unblock confirmation,packet_validation=PASS
2026-05-01T15:58:25Z,BLOCKED_EXTERNAL_NO_DELTA,CTO/Framework Operations,awaiting external unblock confirmation,packet_validation=PASS
2026-05-01T15:58:56Z,BLOCKED_EXTERNAL_NO_DELTA,CTO/Framework Operations,awaiting external unblock confirmation,packet_validation=PASS
2026-05-01T15:59:46Z,BLOCKED_EXTERNAL_NO_DELTA,CTO/Framework Operations,awaiting external unblock confirmation,packet_validation=PASS
2026-05-01T16:00:16Z,BLOCKED_EXTERNAL_NO_DELTA,CTO/Framework Operations,awaiting external unblock confirmation,packet_validation=PASS
2026-05-01T16:00:57Z,BLOCKED_EXTERNAL_NO_DELTA,CTO/Framework Operations,awaiting external unblock confirmation,packet_validation=PASS
2026-05-01T16:01:27Z,BLOCKED_EXTERNAL_NO_DELTA,CTO/Framework Operations,awaiting external unblock confirmation,packet_validation=PASS
2026-05-01T16:02:17Z,BLOCKED_EXTERNAL_NO_DELTA,CTO/Framework Operations,awaiting external unblock confirmation,packet_validation=PASS
2026-05-01T16:02:47Z,BLOCKED_EXTERNAL_NO_DELTA,CTO/Framework Operations,awaiting external unblock confirmation,packet_validation=PASS
2026-05-01T16:03:14Z,BLOCKED_EXTERNAL_NO_DELTA,CTO/Framework Operations,awaiting external unblock confirmation,packet_validation=PASS
2026-05-01T16:03:45Z,BLOCKED_EXTERNAL_NO_DELTA,CTO/Framework Operations,awaiting external unblock confirmation,packet_validation=PASS
2026-05-01T16:04:16Z,BLOCKED_EXTERNAL_NO_DELTA,CTO/Framework Operations,awaiting external unblock confirmation,packet_validation=PASS
2026-05-01T16:04:56Z,BLOCKED_EXTERNAL_NO_DELTA,CTO/Framework Operations,awaiting external unblock confirmation,packet_validation=PASS
2026-05-01T16:05:26Z,BLOCKED_EXTERNAL_NO_DELTA,CTO/Framework Operations,awaiting external unblock confirmation,packet_validation=PASS
2026-05-01T16:05:56Z,BLOCKED_EXTERNAL_NO_DELTA,CTO/Framework Operations,awaiting external unblock confirmation,packet_validation=PASS
2026-05-01T16:06:47Z,BLOCKED_EXTERNAL_NO_DELTA,CTO/Framework Operations,awaiting external unblock confirmation,packet_validation=PASS
2026-05-01T16:07:16Z,BLOCKED_EXTERNAL_NO_DELTA,CTO/Framework Operations,awaiting external unblock confirmation,packet_validation=PASS
2026-05-01T16:07:47Z,BLOCKED_EXTERNAL_NO_DELTA,CTO/Framework Operations,awaiting external unblock confirmation,packet_validation=PASS
2026-05-01T16:08:25Z,BLOCKED_EXTERNAL_NO_DELTA,CTO/Framework Operations,awaiting external unblock confirmation,packet_validation=PASS
2026-05-01T16:08:55Z,BLOCKED_EXTERNAL_NO_DELTA,CTO/Framework Operations,awaiting external unblock confirmation,packet_validation=PASS
2026-05-01T16:09:25Z,BLOCKED_EXTERNAL_NO_DELTA,CTO/Framework Operations,awaiting external unblock confirmation,packet_validation=PASS
2026-05-01T16:09:56Z,BLOCKED_EXTERNAL_NO_DELTA,CTO/Framework Operations,awaiting external unblock confirmation,packet_validation=PASS
2026-05-01T16:10:46Z,BLOCKED_EXTERNAL_NO_DELTA,CTO/Framework Operations,awaiting external unblock confirmation,packet_validation=PASS
2026-05-01T16:11:15Z,BLOCKED_EXTERNAL_NO_DELTA,CTO/Framework Operations,awaiting external unblock confirmation,packet_validation=PASS
2026-05-01T16:11:46Z,BLOCKED_EXTERNAL_NO_DELTA,CTO/Framework Operations,awaiting external unblock confirmation,packet_validation=PASS
2026-05-01T16:12:26Z,BLOCKED_EXTERNAL_NO_DELTA,CTO/Framework Operations,awaiting external unblock confirmation,packet_validation=PASS
2026-05-01T16:13:18Z,BLOCKED_EXTERNAL_NO_DELTA,CTO/Framework Operations,awaiting external unblock confirmation,packet_validation=PASS
2026-05-01T16:13:48Z,BLOCKED_EXTERNAL_NO_DELTA,CTO/Framework Operations,awaiting external unblock confirmation,packet_validation=PASS
2026-05-01T16:14:26Z,BLOCKED_EXTERNAL_NO_DELTA,CTO/Framework Operations,awaiting external unblock confirmation,packet_validation=PASS
2026-05-01T16:14:59Z,BLOCKED_EXTERNAL_NO_DELTA,CTO/Framework Operations,awaiting external unblock confirmation,packet_validation=PASS
2026-05-01T16:15:50Z,BLOCKED_EXTERNAL_NO_DELTA,CTO/Framework Operations,awaiting external unblock confirmation,packet_validation=PASS
2026-05-01T16:16:30Z,BLOCKED_EXTERNAL_NO_DELTA,CTO/Framework Operations,awaiting external unblock confirmation,packet_validation=PASS
2026-05-01T16:17:00Z,BLOCKED_EXTERNAL_NO_DELTA,CTO/Framework Operations,awaiting external unblock confirmation,packet_validation=PASS
2026-05-01T16:17:53Z,BLOCKED_EXTERNAL_NO_DELTA,CTO/Framework Operations,awaiting external unblock confirmation,packet_validation=PASS
2026-05-01T16:18:34Z,BLOCKED_EXTERNAL_NO_DELTA,CTO/Framework Operations,awaiting external unblock confirmation,packet_validation=PASS
2026-05-01T16:19:20Z,BLOCKED_EXTERNAL_NO_DELTA,CTO/Framework Operations,awaiting external unblock confirmation,packet_validation=PASS
2026-05-01T16:19:48Z,BLOCKED_EXTERNAL_NO_DELTA,CTO/Framework Operations,awaiting external unblock confirmation,packet_validation=PASS
2026-05-01T16:20:20Z,BLOCKED_EXTERNAL_NO_DELTA,CTO/Framework Operations,awaiting external unblock confirmation,packet_validation=PASS
2026-05-01T16:21:04Z,BLOCKED_EXTERNAL_NO_DELTA,CTO/Framework Operations,awaiting external unblock confirmation,packet_validation=PASS
2026-05-01T16:21:49Z,BLOCKED_EXTERNAL_NO_DELTA,CTO/Framework Operations,awaiting external unblock confirmation,packet_validation=PASS
2026-05-01T16:22:32Z,BLOCKED_EXTERNAL_NO_DELTA,CTO/Framework Operations,awaiting external unblock confirmation,packet_validation=PASS
2026-05-01T16:23:22Z,BLOCKED_EXTERNAL_NO_DELTA,CTO/Framework Operations,awaiting external unblock confirmation,packet_validation=PASS
2026-05-01T16:24:20Z,BLOCKED_EXTERNAL_NO_DELTA,CTO/Framework Operations,awaiting external unblock confirmation,packet_validation=PASS
2026-05-01T16:25:01Z,BLOCKED_EXTERNAL_NO_DELTA,CTO/Framework Operations,awaiting external unblock confirmation,packet_validation=PASS
2026-05-01T16:25:49Z,BLOCKED_EXTERNAL_NO_DELTA,CTO/Framework Operations,awaiting external unblock confirmation,packet_validation=PASS
2026-05-01T16:26:22Z,BLOCKED_EXTERNAL_NO_DELTA,CTO/Framework Operations,awaiting external unblock confirmation,packet_validation=PASS
2026-05-01T16:27:00Z,BLOCKED_EXTERNAL_NO_DELTA,CTO/Framework Operations,awaiting external unblock confirmation,packet_validation=PASS
2026-05-01T16:27:48Z,BLOCKED_EXTERNAL_NO_DELTA,CTO/Framework Operations,awaiting external unblock confirmation,packet_validation=PASS
2026-05-01T16:28:19Z,BLOCKED_EXTERNAL_NO_DELTA,CTO/Framework Operations,awaiting external unblock confirmation,packet_validation=PASS
2026-05-01T16:28:59Z,BLOCKED_EXTERNAL_NO_DELTA,CTO/Framework Operations,awaiting external unblock confirmation,packet_validation=PASS
2026-05-01T16:30:00Z,BLOCKED_EXTERNAL_NO_DELTA,CTO/Framework Operations,awaiting external unblock confirmation,packet_validation=PASS
2026-05-01T14:30:53Z,BLOCKED_EXTERNAL_NO_DELTA,CTO/Framework Operations,awaiting external unblock confirmation,packet_validation=PASS
2026-05-01T14:31:19Z,BLOCKED_EXTERNAL_NO_DELTA,CTO/Framework Operations,awaiting external unblock confirmation,packet_validation=PASS
2026-05-01T14:31:51Z,BLOCKED_EXTERNAL_NO_DELTA,CTO/Framework Operations,awaiting external unblock confirmation,packet_validation=PASS
2026-05-01T14:32:21Z,BLOCKED_EXTERNAL_NO_DELTA,CTO/Framework Operations,awaiting external unblock confirmation,packet_validation=PASS
2026-05-01T14:32:51Z,BLOCKED_EXTERNAL_NO_DELTA,CTO/Framework Operations,awaiting external unblock confirmation,packet_validation=PASS
2026-05-01T14:33:18Z,BLOCKED_EXTERNAL_NO_DELTA,CTO/Framework Operations,awaiting external unblock confirmation,packet_validation=PASS
2026-05-01T14:33:48Z,BLOCKED_EXTERNAL_NO_DELTA,CTO/Framework Operations,awaiting external unblock confirmation,packet_validation=PASS
2026-05-01T14:34:18Z,BLOCKED_EXTERNAL_NO_DELTA,CTO/Framework Operations,awaiting external unblock confirmation,packet_validation=PASS
2026-05-01T14:34:47Z,BLOCKED_EXTERNAL_NO_DELTA,CTO/Framework Operations,awaiting external unblock confirmation,packet_validation=PASS
2026-05-01T14:35:25Z,BLOCKED_EXTERNAL_NO_DELTA,CTO/Framework Operations,awaiting external unblock confirmation,packet_validation=PASS
2026-05-01T14:35:50Z,BLOCKED_EXTERNAL_NO_DELTA,CTO/Framework Operations,awaiting external unblock confirmation,packet_validation=PASS
2026-05-01T14:36:16Z,BLOCKED_EXTERNAL_NO_DELTA,CTO/Framework Operations,awaiting external unblock confirmation,packet_validation=PASS
2026-05-01T14:36:46Z,BLOCKED_EXTERNAL_NO_DELTA,CTO/Framework Operations,awaiting external unblock confirmation,packet_validation=PASS
2026-05-01T14:37:16Z,BLOCKED_EXTERNAL_NO_DELTA,CTO/Framework Operations,awaiting external unblock confirmation,packet_validation=PASS
2026-05-01T14:37:48Z,BLOCKED_EXTERNAL_NO_DELTA,CTO/Framework Operations,awaiting external unblock confirmation,packet_validation=PASS
2026-05-01T14:38:18Z,BLOCKED_EXTERNAL_NO_DELTA,CTO/Framework Operations,awaiting external unblock confirmation,packet_validation=PASS
2026-05-01T14:38:49Z,BLOCKED_EXTERNAL_NO_DELTA,CTO/Framework Operations,awaiting external unblock confirmation,packet_validation=PASS
2026-05-01T14:39:15Z,BLOCKED_EXTERNAL_NO_DELTA,CTO/Framework Operations,awaiting external unblock confirmation,packet_validation=PASS
2026-05-01T14:39:46Z,BLOCKED_EXTERNAL_NO_DELTA,CTO/Framework Operations,awaiting external unblock confirmation,packet_validation=PASS
2026-05-01T14:40:15Z,BLOCKED_EXTERNAL_NO_DELTA,CTO/Framework Operations,awaiting external unblock confirmation,packet_validation=PASS
2026-05-01T14:40:45Z,BLOCKED_EXTERNAL_NO_DELTA,CTO/Framework Operations,awaiting external unblock confirmation,packet_validation=PASS
2026-05-01T14:41:26Z,BLOCKED_EXTERNAL_NO_DELTA,CTO/Framework Operations,awaiting external unblock confirmation,packet_validation=PASS
2026-05-01T14:41:50Z,BLOCKED_EXTERNAL_NO_DELTA,CTO/Framework Operations,awaiting external unblock confirmation,packet_validation=PASS
2026-05-01T14:42:23Z,BLOCKED_EXTERNAL_NO_DELTA,CTO/Framework Operations,awaiting external unblock confirmation,packet_validation=PASS
2026-05-01T14:42:47Z,BLOCKED_EXTERNAL_NO_DELTA,CTO/Framework Operations,awaiting external unblock confirmation,packet_validation=PASS
2026-05-01T14:43:19Z,BLOCKED_EXTERNAL_NO_DELTA,CTO/Framework Operations,awaiting external unblock confirmation,packet_validation=PASS
2026-05-01T14:43:47Z,BLOCKED_EXTERNAL_NO_DELTA,CTO/Framework Operations,awaiting external unblock confirmation,packet_validation=PASS
2026-05-01T14:44:16Z,BLOCKED_EXTERNAL_NO_DELTA,CTO/Framework Operations,awaiting external unblock confirmation,packet_validation=PASS
2026-05-01T14:44:45Z,BLOCKED_EXTERNAL_NO_DELTA,CTO/Framework Operations,awaiting external unblock confirmation,packet_validation=PASS
2026-05-01T14:45:17Z,BLOCKED_EXTERNAL_NO_DELTA,CTO/Framework Operations,awaiting external unblock confirmation,packet_validation=PASS
2026-05-01T14:45:50Z,BLOCKED_EXTERNAL_NO_DELTA,CTO/Framework Operations,awaiting external unblock confirmation,packet_validation=PASS
2026-05-01T14:46:15Z,BLOCKED_EXTERNAL_NO_DELTA,CTO/Framework Operations,awaiting external unblock confirmation,packet_validation=PASS
2026-05-01T14:46:50Z,BLOCKED_EXTERNAL_NO_DELTA,CTO/Framework Operations,awaiting external unblock confirmation,packet_validation=PASS
2026-05-01T14:47:15Z,BLOCKED_EXTERNAL_NO_DELTA,CTO/Framework Operations,awaiting external unblock confirmation,packet_validation=PASS
2026-05-01T14:47:46Z,BLOCKED_EXTERNAL_NO_DELTA,CTO/Framework Operations,awaiting external unblock confirmation,packet_validation=PASS
2026-05-01T14:48:16Z,BLOCKED_EXTERNAL_NO_DELTA,CTO/Framework Operations,awaiting external unblock confirmation,packet_validation=PASS
2026-05-01T14:48:51Z,BLOCKED_EXTERNAL_NO_DELTA,CTO/Framework Operations,awaiting external unblock confirmation,packet_validation=PASS
2026-05-01T14:49:16Z,BLOCKED_EXTERNAL_NO_DELTA,CTO/Framework Operations,awaiting external unblock confirmation,packet_validation=PASS
2026-05-01T14:49:45Z,BLOCKED_EXTERNAL_NO_DELTA,CTO/Framework Operations,awaiting external unblock confirmation,packet_validation=PASS
2026-05-01T14:50:16Z,BLOCKED_EXTERNAL_NO_DELTA,CTO/Framework Operations,awaiting external unblock confirmation,packet_validation=PASS
2026-05-01T14:50:47Z,BLOCKED_EXTERNAL_NO_DELTA,CTO/Framework Operations,awaiting external unblock confirmation,packet_validation=PASS
2026-05-01T14:51:17Z,BLOCKED_EXTERNAL_NO_DELTA,CTO/Framework Operations,awaiting external unblock confirmation,packet_validation=PASS
2026-05-01T14:51:47Z,BLOCKED_EXTERNAL_NO_DELTA,CTO/Framework Operations,awaiting external unblock confirmation,packet_validation=PASS
2026-05-01T14:52:18Z,BLOCKED_EXTERNAL_NO_DELTA,CTO/Framework Operations,awaiting external unblock confirmation,packet_validation=PASS
2026-05-01T14:52:48Z,BLOCKED_EXTERNAL_NO_DELTA,CTO/Framework Operations,awaiting external unblock confirmation,packet_validation=PASS
2026-05-01T14:53:16Z,BLOCKED_EXTERNAL_NO_DELTA,CTO/Framework Operations,awaiting external unblock confirmation,packet_validation=PASS
2026-05-01T14:53:46Z,BLOCKED_EXTERNAL_NO_DELTA,CTO/Framework Operations,awaiting external unblock confirmation,packet_validation=PASS
2026-05-01T14:54:15Z,BLOCKED_EXTERNAL_NO_DELTA,CTO/Framework Operations,awaiting external unblock confirmation,packet_validation=PASS
2026-05-01T14:54:50Z,BLOCKED_EXTERNAL_NO_DELTA,CTO/Framework Operations,awaiting external unblock confirmation,packet_validation=PASS
2026-05-01T14:55:16Z,BLOCKED_EXTERNAL_NO_DELTA,CTO/Framework Operations,awaiting external unblock confirmation,packet_validation=PASS
2026-05-01T14:55:46Z,BLOCKED_EXTERNAL_NO_DELTA,CTO/Framework Operations,awaiting external unblock confirmation,packet_validation=PASS
2026-05-01T14:56:37Z,BLOCKED_EXTERNAL_NO_DELTA,CTO/Framework Operations,awaiting external unblock confirmation,packet_validation=PASS
2026-05-01T14:57:17Z,BLOCKED_EXTERNAL_NO_DELTA,CTO/Framework Operations,awaiting external unblock confirmation,packet_validation=PASS
2026-05-01T14:57:49Z,BLOCKED_EXTERNAL_NO_DELTA,CTO/Framework Operations,awaiting external unblock confirmation,packet_validation=PASS
2026-05-01T14:58:19Z,BLOCKED_EXTERNAL_NO_DELTA,CTO/Framework Operations,awaiting external unblock confirmation,packet_validation=PASS
2026-05-01T14:58:45Z,BLOCKED_EXTERNAL_NO_DELTA,CTO/Framework Operations,awaiting external unblock confirmation,packet_validation=PASS
2026-05-01T14:59:16Z,BLOCKED_EXTERNAL_NO_DELTA,CTO/Framework Operations,awaiting external unblock confirmation,packet_validation=PASS
2026-05-01T14:59:48Z,BLOCKED_EXTERNAL_NO_DELTA,CTO/Framework Operations,awaiting external unblock confirmation,packet_validation=PASS
2026-05-01T15:00:16Z,BLOCKED_EXTERNAL_NO_DELTA,CTO/Framework Operations,awaiting external unblock confirmation,packet_validation=PASS
2026-05-01T15:00:47Z,BLOCKED_EXTERNAL_NO_DELTA,CTO/Framework Operations,awaiting external unblock confirmation,packet_validation=PASS
2026-05-01T15:01:19Z,BLOCKED_EXTERNAL_NO_DELTA,CTO/Framework Operations,awaiting external unblock confirmation,packet_validation=PASS
2026-05-01T15:01:48Z,BLOCKED_EXTERNAL_NO_DELTA,CTO/Framework Operations,awaiting external unblock confirmation,packet_validation=PASS
2026-05-01T15:02:18Z,BLOCKED_EXTERNAL_NO_DELTA,CTO/Framework Operations,awaiting external unblock confirmation,packet_validation=PASS
2026-05-01T15:02:49Z,BLOCKED_EXTERNAL_NO_DELTA,CTO/Framework Operations,awaiting external unblock confirmation,packet_validation=PASS
2026-05-01T15:03:19Z,BLOCKED_EXTERNAL_NO_DELTA,CTO/Framework Operations,awaiting external unblock confirmation,packet_validation=PASS
2026-05-01T15:03:47Z,BLOCKED_EXTERNAL_NO_DELTA,CTO/Framework Operations,awaiting external unblock confirmation,packet_validation=PASS
2026-05-01T15:04:16Z,BLOCKED_EXTERNAL_NO_DELTA,CTO/Framework Operations,awaiting external unblock confirmation,packet_validation=PASS
2026-05-01T15:04:57Z,BLOCKED_EXTERNAL_NO_DELTA,CTO/Framework Operations,awaiting external unblock confirmation,packet_validation=PASS
2026-05-01T15:05:27Z,BLOCKED_EXTERNAL_NO_DELTA,CTO/Framework Operations,awaiting external unblock confirmation,packet_validation=PASS
2026-05-01T15:05:58Z,BLOCKED_EXTERNAL_NO_DELTA,CTO/Framework Operations,awaiting external unblock confirmation,packet_validation=PASS
2026-05-01T15:06:31Z,BLOCKED_EXTERNAL_NO_DELTA,CTO/Framework Operations,awaiting external unblock confirmation,packet_validation=PASS
2026-05-01T15:06:58Z,BLOCKED_EXTERNAL_NO_DELTA,CTO/Framework Operations,awaiting external unblock confirmation,packet_validation=PASS
2026-05-01T15:07:27Z,BLOCKED_EXTERNAL_NO_DELTA,CTO/Framework Operations,awaiting external unblock confirmation,packet_validation=PASS
2026-05-01T15:07:59Z,BLOCKED_EXTERNAL_NO_DELTA,CTO/Framework Operations,awaiting external unblock confirmation,packet_validation=PASS
2026-05-01T15:08:27Z,BLOCKED_EXTERNAL_NO_DELTA,CTO/Framework Operations,awaiting external unblock confirmation,packet_validation=PASS
2026-05-01T15:08:58Z,BLOCKED_EXTERNAL_NO_DELTA,CTO/Framework Operations,awaiting external unblock confirmation,packet_validation=PASS
2026-05-01T15:09:27Z,BLOCKED_EXTERNAL_NO_DELTA,CTO/Framework Operations,awaiting external unblock confirmation,packet_validation=PASS
2026-05-01T15:10:02Z,BLOCKED_EXTERNAL_NO_DELTA,CTO/Framework Operations,awaiting external unblock confirmation,packet_validation=PASS
2026-05-01T15:10:29Z,BLOCKED_EXTERNAL_NO_DELTA,CTO/Framework Operations,awaiting external unblock confirmation,packet_validation=PASS
2026-05-01T15:10:57Z,BLOCKED_EXTERNAL_NO_DELTA,CTO/Framework Operations,awaiting external unblock confirmation,packet_validation=PASS
2026-05-01T15:11:29Z,BLOCKED_EXTERNAL_NO_DELTA,CTO/Framework Operations,awaiting external unblock confirmation,packet_validation=PASS
2026-05-01T15:12:01Z,BLOCKED_EXTERNAL_NO_DELTA,CTO/Framework Operations,awaiting external unblock confirmation,packet_validation=PASS
2026-05-01T15:12:29Z,BLOCKED_EXTERNAL_NO_DELTA,CTO/Framework Operations,awaiting external unblock confirmation,packet_validation=PASS
2026-05-01T15:13:01Z,BLOCKED_EXTERNAL_NO_DELTA,CTO/Framework Operations,awaiting external unblock confirmation,packet_validation=PASS
2026-05-01T15:13:34Z,BLOCKED_EXTERNAL_NO_DELTA,CTO/Framework Operations,awaiting external unblock confirmation,packet_validation=PASS
2026-05-01T15:13:58Z,BLOCKED_EXTERNAL_NO_DELTA,CTO/Framework Operations,awaiting external unblock confirmation,packet_validation=PASS
2026-05-01T15:14:34Z,BLOCKED_EXTERNAL_NO_DELTA,CTO/Framework Operations,awaiting external unblock confirmation,packet_validation=PASS
2026-05-01T15:14:58Z,BLOCKED_EXTERNAL_NO_DELTA,CTO/Framework Operations,awaiting external unblock confirmation,packet_validation=PASS
2026-05-01T15:15:30Z,BLOCKED_EXTERNAL_NO_DELTA,CTO/Framework Operations,awaiting external unblock confirmation,packet_validation=PASS
2026-05-01T15:15:59Z,BLOCKED_EXTERNAL_NO_DELTA,CTO/Framework Operations,awaiting external unblock confirmation,packet_validation=PASS
2026-05-01T15:16:29Z,BLOCKED_EXTERNAL_NO_DELTA,CTO/Framework Operations,awaiting external unblock confirmation,packet_validation=PASS
2026-05-01T15:16:57Z,BLOCKED_EXTERNAL_NO_DELTA,CTO/Framework Operations,awaiting external unblock confirmation,packet_validation=PASS
2026-05-01T15:17:29Z,BLOCKED_EXTERNAL_NO_DELTA,CTO/Framework Operations,awaiting external unblock confirmation,packet_validation=PASS
2026-05-01T15:17:58Z,BLOCKED_EXTERNAL_NO_DELTA,CTO/Framework Operations,awaiting external unblock confirmation,packet_validation=PASS
2026-05-01T15:18:31Z,BLOCKED_EXTERNAL_NO_DELTA,CTO/Framework Operations,awaiting external unblock confirmation,packet_validation=PASS
2026-05-01T15:18:58Z,BLOCKED_EXTERNAL_NO_DELTA,CTO/Framework Operations,awaiting external unblock confirmation,packet_validation=PASS
2026-05-01T15:19:28Z,BLOCKED_EXTERNAL_NO_DELTA,CTO/Framework Operations,awaiting external unblock confirmation,packet_validation=PASS
2026-05-01T15:19:58Z,BLOCKED_EXTERNAL_NO_DELTA,CTO/Framework Operations,awaiting external unblock confirmation,packet_validation=PASS
2026-05-01T15:20:29Z,BLOCKED_EXTERNAL_NO_DELTA,CTO/Framework Operations,awaiting external unblock confirmation,packet_validation=PASS
2026-05-01T15:20:58Z,BLOCKED_EXTERNAL_NO_DELTA,CTO/Framework Operations,awaiting external unblock confirmation,packet_validation=PASS
2026-05-01T15:21:30Z,BLOCKED_EXTERNAL_NO_DELTA,CTO/Framework Operations,awaiting external unblock confirmation,packet_validation=PASS
2026-05-01T15:21:58Z,BLOCKED_EXTERNAL_NO_DELTA,CTO/Framework Operations,awaiting external unblock confirmation,packet_validation=PASS
2026-05-01T15:22:29Z,BLOCKED_EXTERNAL_NO_DELTA,CTO/Framework Operations,awaiting external unblock confirmation,packet_validation=PASS
2026-05-01T15:22:58Z,BLOCKED_EXTERNAL_NO_DELTA,CTO/Framework Operations,awaiting external unblock confirmation,packet_validation=PASS
2026-05-01T15:23:35Z,BLOCKED_EXTERNAL_NO_DELTA,CTO/Framework Operations,awaiting external unblock confirmation,packet_validation=PASS
2026-05-01T15:24:18Z,BLOCKED_EXTERNAL_NO_DELTA,CTO/Framework Operations,awaiting external unblock confirmation,packet_validation=PASS
2026-05-01T15:24:48Z,BLOCKED_EXTERNAL_NO_DELTA,CTO/Framework Operations,awaiting external unblock confirmation,packet_validation=PASS
2026-05-01T15:25:20Z,BLOCKED_EXTERNAL_NO_DELTA,CTO/Framework Operations,awaiting external unblock confirmation,packet_validation=PASS
2026-05-01T15:25:51Z,BLOCKED_EXTERNAL_NO_DELTA,CTO/Framework Operations,awaiting external unblock confirmation,packet_validation=PASS
2026-05-01T15:26:20Z,BLOCKED_EXTERNAL_NO_DELTA,CTO/Framework Operations,awaiting external unblock confirmation,packet_validation=PASS
2026-05-01T15:26:51Z,BLOCKED_EXTERNAL_NO_DELTA,CTO/Framework Operations,awaiting external unblock confirmation,packet_validation=PASS
2026-05-01T15:27:21Z,BLOCKED_EXTERNAL_NO_DELTA,CTO/Framework Operations,awaiting external unblock confirmation,packet_validation=PASS
2026-05-01T15:27:50Z,BLOCKED_EXTERNAL_NO_DELTA,CTO/Framework Operations,awaiting external unblock confirmation,packet_validation=PASS
2026-05-01T15:28:17Z,BLOCKED_EXTERNAL_NO_DELTA,CTO/Framework Operations,awaiting external unblock confirmation,packet_validation=PASS
2026-05-01T15:28:39Z,QUA-649,BLOCKED_EXTERNAL_NO_DELTA,CTO/Framework Operations,awaiting external unblock confirmation,packet_validation=PASS
2026-05-01T15:29:20Z,QUA-649,BLOCKED_EXTERNAL_NO_DELTA,CTO/Framework Operations,awaiting external unblock confirmation,packet_validation=PASS
2026-05-01T15:29:45Z,QUA-649,BLOCKED_EXTERNAL_NO_DELTA,CTO/Framework Operations,awaiting external unblock confirmation,packet_validation=PASS
2026-05-01T15:30:16Z,QUA-649,BLOCKED_EXTERNAL_NO_DELTA,CTO/Framework Operations,awaiting external unblock confirmation,packet_validation=PASS
2026-05-01T15:30:48Z,QUA-649,BLOCKED_EXTERNAL_NO_DELTA,CTO/Framework Operations,awaiting external unblock confirmation,packet_validation=PASS
2026-05-01T15:31:17Z,QUA-649,BLOCKED_EXTERNAL_NO_DELTA,CTO/Framework Operations,awaiting external unblock confirmation,packet_validation=PASS
2026-05-01T15:31:45Z,QUA-649,BLOCKED_EXTERNAL_NO_DELTA,CTO/Framework Operations,awaiting external unblock confirmation,packet_validation=PASS
2026-05-01T15:32:20Z,QUA-649,BLOCKED_EXTERNAL_NO_DELTA,CTO/Framework Operations,awaiting external unblock confirmation,packet_validation=PASS
2026-05-01T15:32:47Z,QUA-649,BLOCKED_EXTERNAL_NO_DELTA,CTO/Framework Operations,awaiting external unblock confirmation,packet_validation=PASS
2026-05-01T15:33:17Z,QUA-649,BLOCKED_EXTERNAL_NO_DELTA,CTO/Framework Operations,awaiting external unblock confirmation,packet_validation=PASS
2026-05-01T15:33:45Z,QUA-649,BLOCKED_EXTERNAL_NO_DELTA,CTO/Framework Operations,awaiting external unblock confirmation,packet_validation=PASS
2026-05-01T15:34:13Z,QUA-649,BLOCKED_EXTERNAL_NO_DELTA,CTO/Framework Operations,awaiting external unblock confirmation,packet_validation=PASS
2026-05-01T15:34:44Z,QUA-649,BLOCKED_EXTERNAL_NO_DELTA,CTO/Framework Operations,awaiting external unblock confirmation,packet_validation=PASS
2026-05-01T15:35:14Z,QUA-649,BLOCKED_EXTERNAL_NO_DELTA,CTO/Framework Operations,awaiting external unblock confirmation,packet_validation=PASS
2026-05-01T15:35:45Z,QUA-649,BLOCKED_EXTERNAL_NO_DELTA,CTO/Framework Operations,awaiting external unblock confirmation,packet_validation=PASS
2026-05-01T15:36:15Z,QUA-649,BLOCKED_EXTERNAL_NO_DELTA,CTO/Framework Operations,awaiting external unblock confirmation,packet_validation=PASS
2026-05-01T15:36:47Z,QUA-649,BLOCKED_EXTERNAL_NO_DELTA,CTO/Framework Operations,awaiting external unblock confirmation,packet_validation=PASS
2026-05-01T15:37:14Z,QUA-649,BLOCKED_EXTERNAL_NO_DELTA,CTO/Framework Operations,awaiting external unblock confirmation,packet_validation=PASS
2026-05-01T15:37:45Z,QUA-649,BLOCKED_EXTERNAL_NO_DELTA,CTO/Framework Operations,awaiting external unblock confirmation,packet_validation=PASS
2026-05-01T15:38:15Z,QUA-649,BLOCKED_EXTERNAL_NO_DELTA,CTO/Framework Operations,awaiting external unblock confirmation,packet_validation=PASS
2026-05-01T15:38:48Z,QUA-649,BLOCKED_EXTERNAL_NO_DELTA,CTO/Framework Operations,awaiting external unblock confirmation,packet_validation=PASS
2026-05-01T15:39:18Z,QUA-649,BLOCKED_EXTERNAL_NO_DELTA,CTO/Framework Operations,awaiting external unblock confirmation,packet_validation=PASS
2026-05-01T15:39:46Z,QUA-649,BLOCKED_EXTERNAL_NO_DELTA,CTO/Framework Operations,awaiting external unblock confirmation,packet_validation=PASS
2026-05-01T15:40:18Z,QUA-649,BLOCKED_EXTERNAL_NO_DELTA,CTO/Framework Operations,awaiting external unblock confirmation,packet_validation=PASS
2026-05-01T15:40:45Z,QUA-649,BLOCKED_EXTERNAL_NO_DELTA,CTO/Framework Operations,awaiting external unblock confirmation,packet_validation=PASS
2026-05-01T15:41:14Z,QUA-649,BLOCKED_EXTERNAL_NO_DELTA,CTO/Framework Operations,awaiting external unblock confirmation,packet_validation=PASS
2026-05-01T15:41:44Z,QUA-649,BLOCKED_EXTERNAL_NO_DELTA,CTO/Framework Operations,awaiting external unblock confirmation,packet_validation=PASS
2026-05-01T15:42:15Z,QUA-649,BLOCKED_EXTERNAL_NO_DELTA,CTO/Framework Operations,awaiting external unblock confirmation,packet_validation=PASS
2026-05-01T15:42:45Z,QUA-649,BLOCKED_EXTERNAL_NO_DELTA,CTO/Framework Operations,awaiting external unblock confirmation,packet_validation=PASS
2026-05-01T15:43:15Z,QUA-649,BLOCKED_EXTERNAL_NO_DELTA,CTO/Framework Operations,awaiting external unblock confirmation,packet_validation=PASS
2026-05-01T15:43:45Z,QUA-649,BLOCKED_EXTERNAL_NO_DELTA,CTO/Framework Operations,awaiting external unblock confirmation,packet_validation=PASS
2026-05-01T15:44:15Z,QUA-649,BLOCKED_EXTERNAL_NO_DELTA,CTO/Framework Operations,awaiting external unblock confirmation,packet_validation=PASS
2026-05-01T15:44:44Z,QUA-649,BLOCKED_EXTERNAL_NO_DELTA,CTO/Framework Operations,awaiting external unblock confirmation,packet_validation=PASS
2026-05-01T15:45:14Z,QUA-649,BLOCKED_EXTERNAL_NO_DELTA,CTO/Framework Operations,awaiting external unblock confirmation,packet_validation=PASS
2026-05-01T15:45:45Z,QUA-649,BLOCKED_EXTERNAL_NO_DELTA,CTO/Framework Operations,awaiting external unblock confirmation,packet_validation=PASS
2026-05-01T15:46:18Z,QUA-649,BLOCKED_EXTERNAL_NO_DELTA,CTO/Framework Operations,awaiting external unblock confirmation,packet_validation=PASS
2026-05-01T15:46:57Z,QUA-649,BLOCKED_EXTERNAL_NO_DELTA,CTO/Framework Operations,awaiting external unblock confirmation,packet_validation=PASS
2026-05-01T15:47:16Z,QUA-649,BLOCKED_EXTERNAL_NO_DELTA,CTO/Framework Operations,awaiting external unblock confirmation,packet_validation=PASS
2026-05-01T15:47:44Z,QUA-649,BLOCKED_EXTERNAL_NO_DELTA,CTO/Framework Operations,awaiting external unblock confirmation,packet_validation=PASS
2026-05-01T15:48:22Z,QUA-649,BLOCKED_EXTERNAL_NO_DELTA,CTO/Framework Operations,awaiting external unblock confirmation,packet_validation=PASS
2026-05-01T15:48:48Z,QUA-649,BLOCKED_EXTERNAL_NO_DELTA,CTO/Framework Operations,awaiting external unblock confirmation,packet_validation=PASS
2026-05-01T15:49:18Z,QUA-649,BLOCKED_EXTERNAL_NO_DELTA,CTO/Framework Operations,awaiting external unblock confirmation,packet_validation=PASS
2026-05-01T15:49:45Z,QUA-649,BLOCKED_EXTERNAL_NO_DELTA,CTO/Framework Operations,awaiting external unblock confirmation,packet_validation=PASS
2026-05-01T15:50:16Z,QUA-649,BLOCKED_EXTERNAL_NO_DELTA,CTO/Framework Operations,awaiting external unblock confirmation,packet_validation=PASS
2026-05-01T15:50:45Z,QUA-649,BLOCKED_EXTERNAL_NO_DELTA,CTO/Framework Operations,awaiting external unblock confirmation,packet_validation=PASS
2026-05-01T15:51:15Z,QUA-649,BLOCKED_EXTERNAL_NO_DELTA,CTO/Framework Operations,awaiting external unblock confirmation,packet_validation=PASS
2026-05-01T15:51:52Z,QUA-649,BLOCKED_EXTERNAL_NO_DELTA,CTO/Framework Operations,awaiting external unblock confirmation,packet_validation=PASS
